baseline_margin,lp_margin,baseline_volume,lp_volume,gain_pct,vol_gain_pct,n_unique_weeks
860.9249999999998,1198.43321467,2110.65,3032.6,39.20297524987662,43.680856608153874,6
823.7488888888889,1167.7570831650003,2029.8555555555554,2975.1,41.761293874414285,46.567079211985536,6
836.3616666666667,1181.7866275600002,2047.5333333333333,2986.0,41.30090780822493,45.8340116563019,8
793.1892857142857,1105.1937797200003,1957.1714285714286,2839.8000000000006,39.33543980296546,45.09715186639614,6
846.6098412698412,1192.6470236900002,2087.3698412698413,3037.2999999999997,40.87327663249617,45.508473867394436,8
855.08,1194.9775008000001,2100.116666666667,3038.3,39.750374327548315,44.67291499678589,7
890.2742857142856,1279.8631263150003,2176.1428571428573,3211.7999999999997,43.76054063924125,47.59141337884852,5
852.9137499999999,1190.7757153,2091.125,3002.9,39.6126765807211,43.60212804112619,7
827.7420833333333,1165.95932499,2043.6583333333333,2973.1000000000004,40.86022064924611,45.47930794041732,8
784.7028571428572,1085.596428365,1944.4476190476191,2775.8999999999996,38.344905779712796,42.760338350467975,6
806.8748412698413,1125.4459524499998,2001.5698412698412,2895.1999999999994,39.482097456254614,44.646464005633646,6
843.99375,1179.2025,2071.4249999999997,3008.8999999999996,39.716970652922505,45.257491823261766,6
846.5638888888888,1184.19719354,2067.888888888889,2975.5,39.88279078313314,43.89070979528234,6
855.56,1197.76455295,2100.65,3046.2000000000003,39.99772697998973,45.012258110584824,6
845.0812500000001,1203.2881545000002,2075.1749999999997,3060.8,42.387273945552586,47.4959943137326,5
833.8622222222222,1177.19347241,2043.7722222222221,2973.6000000000004,41.17361849932576,45.49566569442673,8
848.1038888888891,1194.8973515,2076.688888888889,3022.7999999999997,40.89044598833867,45.55863500658097,7
874.8720833333333,1236.6711010150002,2144.1583333333333,3112.5,41.35450479836817,45.161854496130964,7
861.5166666666665,1215.763363385,2108.5666666666666,3073.1,41.118960366601556,45.74355407306701,6
904.6663888888888,1282.6181348500002,2210.113888888889,3200.1000000000004,41.77802454066096,44.793443274039426,5
867.6850000000001,1231.8704467999999,2124.3333333333335,3097.1000000000004,41.972080513089395,45.79162090067473,6
863.9977777777777,1214.54018834,2122.427777777778,3074.2000000000007,40.57214261173511,44.84356227276418,5
807.5894444444444,1127.932569155,1996.1277777777777,2892.1,39.666581443610305,44.88551445437416,7
831.921111111111,1159.0885220999999,2042.4444444444446,2922.2,39.32673502562342,43.07365901425305,6
886.7127777777778,1236.5357354,2171.2111111111108,3113.1,39.45166534071223,43.38080641116839,6
877.8249999999999,1234.2026792000001,2150.4,3104.5,40.597804710506104,44.36848958333332,5
875.7963888888889,1247.6530458399998,2137.838888888889,3142.2000000000003,42.45925898631306,46.9802058672959,8
884.0266666666666,1248.11309537,2156.2666666666664,3133.8999999999996,41.185005207610644,45.339166460549094,6
857.3355555555556,1218.3386112500002,2077.9888888888886,3009.5,42.10755676177616,44.82753089258313,6
809.4302777777777,1139.99884893,1992.611111111111,2913.5,40.839659724586795,46.21518387375582,7
796.7575,1115.9641079500002,1975.6500000000003,2874.8,40.06320718035288,45.51160377597245,5
873.6306349206349,1226.39459327,2145.520634920635,3103.1999999999994,40.379073746814306,44.63622253228945,5
890.93375,1266.5012496999998,2176.975,3209.0,42.15436890790137,47.40637811642303,7
813.9917857142857,1157.76914525,2006.9642857142856,2943.8,42.23351704145839,46.67924192543823,6
912.4835714285715,1313.2324103550002,2217.0761904761907,3277.1,43.918471682621295,47.81178987340682,5
871.8384722222222,1242.3974008050002,2132.847222222222,3141.9,42.50316318781657,47.3101292612249,8
774.3458730158729,1073.5980158349998,1923.2015873015873,2774.4999999999995,38.64579811778666,44.26464798694635,8
812.5923015873017,1132.87551494,2014.0873015873015,2920.2999999999997,39.41499479223017,44.993714904935466,7
868.08125,1241.1978572,2129.975,3155.7,42.981760889317684,48.156668505498885,5
814.7106944444444,1134.707837885,2020.7194444444444,2933.2000000000003,39.277395721282794,45.15622186267544,7
902.1322222222223,1300.9688987000002,2196.3888888888887,3252.3999999999996,44.210445725497266,48.07942329581383,7
873.4783333333334,1234.234851065,2136.4333333333334,3127.8,41.3011409630462,46.402883310189885,6
829.3908333333333,1172.1148709199997,2040.6833333333336,2983.2,41.322380693460744,46.18632647560863,8
857.1193055555557,1209.654661955,2106.8805555555555,3075.9,41.130255043192946,45.99308878186156,8
874.8211111111112,1243.9313305399999,2136.211111111111,3130.1000000000004,42.19265113070732,46.52578032757896,7
877.9491666666668,1258.0191667550002,2137.2166666666667,3160.3,43.29066129550022,47.86989308524327,7
891.6451785714286,1277.5480954999998,2179.482142857143,3200.0,43.27987479805085,46.82386871062095,6
820.6802777777779,1143.2579668499998,2021.4611111111112,2895.2000000000007,39.30613392412591,43.22313618037561,6
802.6688888888889,1112.0307647850002,1985.5888888888887,2871.7,38.541655242718065,44.62711873891317,7
855.8272222222222,1217.7239487099998,2096.055555555555,3074.9999999999995,42.28619014338952,46.70412679901403,8
830.4472222222223,1169.8352579149998,2036.9222222222222,2973.9000000000005,40.86810415050789,45.99968361853126,7
821.2810714285714,1176.8997618650003,2021.459523809524,2985.7000000000003,43.300485401161204,47.70021189310411,7
871.6504761904762,1251.4485368849998,2141.347619047619,3164.5999999999995,43.572288557039556,47.78543996548678,4
859.4749999999999,1206.9472322999998,2103.6,3046.7999999999997,40.42842808691351,44.837421563034795,5
848.2198611111112,1187.6844154199996,2079.6694444444443,3019.9999999999995,40.02082123663228,45.21538545789194,7
750.6077777777779,1061.085684625,1872.3666666666668,2739.6,41.363534463553236,46.3174947926866,5
824.2488888888889,1149.4843955850001,2022.8888888888891,2942.2000000000007,39.45841008466969,45.44545754146986,7
871.7876388888889,1238.4768354500002,2134.2638888888887,3135.9,42.06175680908532,46.93122140732885,8
838.0353174603175,1180.0591565799998,2061.3460317460317,3009.9,40.81258056715226,46.01624150655143,6
837.29,1191.37607125,2055.6833333333334,3022.0,42.289537824409706,47.00707793839842,7
811.588611111111,1147.4474609149997,2001.6277777777777,2926.6000000000004,41.38289340261672,46.21100049126685,7
837.035,1159.4125892849997,2064.7999999999997,2955.7000000000003,38.51423050230872,43.14703603254556,8
834.4466666666667,1173.86110105,2051.516666666667,2969.7000000000003,40.6753898052202,44.75631849607201,6
849.28,1193.2619643,2093.4,3053.8,40.50277462085533,45.87751982420942,7
831.2717857142858,1187.0308035500002,2037.3309523809523,2994.2000000000003,42.79695569482391,46.96679479103731,7
831.4511111111112,1156.6250396900002,2040.4944444444445,2954.2,39.1092060896211,44.77863480801221,7
852.5131944444445,1205.5541766350002,2089.286111111111,3063.8999999999996,41.41179098355436,46.648177274800126,8
920.1775000000001,1310.5610712500002,2235.816666666666,3290.0000000000005,42.424811653186474,47.149811031017805,5
853.86875,1224.7544050399997,2090.1916666666666,3067.8,43.43590921204222,46.77122911375752,6
918.4207142857143,1320.79991102,2239.928571428572,3329.6000000000004,43.812077675886165,48.64759718103254,5
867.717142857143,1219.5163396,2115.0857142857144,3057.3999999999996,40.54307323979833,44.55206138217969,5
848.7144444444443,1199.2256064199998,2078.0444444444443,3041.8,41.29906875863234,46.37800496193004,6
861.8630952380954,1218.0085412450003,2118.32380952381,3075.1000000000004,41.322740000663025,45.16666366938819,7
824.8436111111112,1160.8491453999998,2039.5861111111108,2953.5,40.73566549618661,44.808791544036055,7
800.9061904761904,1118.67970142,1984.7761904761905,2881.9,39.67674550684551,45.20025047804358,7
884.5862500000001,1262.47339295,2166.675,3169.1,42.719083972874316,46.265591286187345,7
880.1975,1253.65616005,2152.7833333333338,3155.8000000000006,42.42896168757579,46.59162169904078,7
851.716388888889,1209.2662399,2091.472222222222,3069.0000000000005,41.97991909930893,46.738740653181594,8
860.9065277777778,1206.5673314600003,2104.2027777777776,3034.4999999999995,40.15079367262581,44.211386471255274,6
831.7672222222222,1174.4402579449998,2037.0222222222224,2927.3,41.19818941737836,43.70486330809678,7
873.7352777777778,1245.9577083000001,2142.6944444444443,3154.9999999999995,42.601282103306794,47.24451300932106,6
852.1527777777777,1198.66567381,2096.144444444444,3057.0,40.66323610841824,45.83918623080473,7
870.0941666666668,1213.3625294000003,2134.3833333333328,3062.3999999999996,39.45186347454732,43.47938124204495,4
821.92625,1158.2581249,2028.9250000000002,2952.6,40.91995783076644,45.52533977352537,7
898.5577777777778,1262.5569445849999,2198.177777777778,3205.7999999999997,40.509266717097255,45.83897773913744,6
821.9517857142857,1165.4604164549999,2024.9547619047619,2978.2,41.791822429365624,47.07489056192906,5
833.7276587301586,1190.426785965,2052.10873015873,3020.2999999999997,42.78365045225029,47.180310458811825,7
854.72,1196.4810728500001,2089.5666666666666,3014.6,39.98514985609324,44.2691467130346,6
827.7375000000001,1155.5097322000001,2044.95,2972.3999999999996,39.59857227683898,45.353187119489455,6
899.5761111111111,1268.197539405,2196.2111111111117,3204.6,40.97723624948046,45.914934306052295,5
844.4777777777778,1172.5957247299998,2082.977777777778,3003.2000000000003,38.854538933594704,44.17820641389463,7
853.445,1202.2150396850002,2092.6,3049.1,40.86614130787574,45.7086877568575,8
825.6850000000001,1167.12070389,2021.0666666666666,2951.4,41.3518113917535,46.03179839028896,7
875.7726388888889,1240.7422816950002,2129.147222222222,3101.9999999999995,41.67401750175205,45.692132870097964,6
910.9657142857144,1316.86812533,2211.4285714285716,3273.6,44.557375176578695,48.03100775193798,5
886.1416666666668,1248.3893447350003,2158.1000000000004,3111.9,40.87920607897535,44.196283768129355,6
869.2222222222222,1236.5292609449998,2125.322222222222,3120.0000000000005,42.25697748312667,46.80126935000709,9
852.5672222222222,1199.3463192000002,2100.922222222222,3046.7,40.67469261531025,45.017267549171535,6
846.1950000000002,1179.0603573,2075.4,2981.7,39.33671994043924,43.66869037294014,5
857.9688888888887,1214.52126906,2096.288888888889,3063.7,41.55772834990133,46.148749642224885,6
783.5876984126984,1113.48812361,1937.0746031746032,2848.2999999999997,42.10127671294175,47.04131659833965,5
813.536111111111,1130.903430995,2015.8611111111113,2921.7000000000003,39.01084605211134,44.93558032823028,8
806.5207142857143,1121.70142872,1996.3785714285714,2889.3,39.079060072675475,44.727059353901545,5
851.0255555555555,1196.7337695799997,2093.855555555556,3022.3,40.62254203385978,44.34137980440123,7
829.6633333333333,1153.064315495,2048.766666666667,2930.7,38.97978483179926,43.04703642842033,7
872.7412499999999,1243.19991165,2131.475,3119.6999999999994,42.447708487481286,46.36343377238764,6
871.2030555555556,1224.1986607350002,2143.180555555556,3121.2,40.51817804453677,45.634020050677485,6
820.4370833333335,1147.0762799850004,2018.125,2908.2,39.81282700247685,44.10405698358624,7
879.879623015873,1282.929017915,2145.4408730158734,3226.3,45.807333680218214,50.37934816002407,6
802.63625,1120.0925000999998,1984.7416666666668,2869.9,39.55169606406387,44.598163488951116,6
906.5226785714285,1301.964226345,2208.382142857143,3241.7000000000007,43.62180418880862,46.79071783319076,6
861.0241666666666,1216.188184485,2104.0833333333335,3060.9000000000005,41.24901850238428,45.474276208958784,7
802.5564285714287,1115.6547021499998,1979.4904761904763,2869.5000000000005,39.012617983248134,44.96154614102235,5
847.8621428571429,1180.9326922500002,2086.790476190476,3012.9,39.28357365626321,44.379612346141045,6
785.1974206349206,1106.694920655,1942.2884920634922,2824.5,40.944798285265946,45.421239509031125,7
817.4844444444444,1159.9933159450004,2015.4111111111113,2950.6000000000004,41.8979069055341,46.401892087084526,6
860.1169444444446,1230.97744997,2099.4444444444443,3094.3,43.11745140250628,47.38661021434244,7
871.62125,1217.8554464,2148.175,3098.9999999999995,39.723010011515875,44.26198982857539,5
883.2266666666666,1245.5871906699997,2150.2166666666667,3105.0,41.02690030531987,44.40405230480649,7
846.2938888888888,1192.376537145,2076.088888888889,3030.2000000000003,40.893908463700235,45.95714163384142,8
872.9635714285714,1258.9122320600002,2133.257142857143,3154.0,44.211313422831445,47.849030322511496,7
808.5183333333333,1129.6512206,1991.6000000000001,2862.5,39.71868961124361,43.72866037356898,7
917.2932142857143,1322.0936610700003,2225.4119047619047,3286.0000000000005,44.129885676686214,47.65805795181847,6
856.5611111111111,1200.023878585,2111.0111111111114,3070.5999999999995,40.09787077869516,45.45636372249207,8
842.9732142857143,1218.743869,2064.302380952381,3063.1,44.57682027686863,48.38426910048014,6
833.1861111111111,1161.0158659949998,2046.2444444444445,2968.2999999999997,39.346521804918844,45.06087032069589,7
879.2795833333332,1247.684136885,2156.358333333333,3165.8,41.89845420441263,46.8123340663078,6
854.9,1202.7947766600003,2106.3,3066.6000000000004,40.694207118961316,45.591796040450085,7
839.99626984127,1179.804267185,2074.34126984127,3020.6000000000004,40.45351265761477,45.61731205546226,8
854.0727777777777,1205.95954132,2086.577777777778,3059.7000000000003,41.201027909799535,46.63723694300076,7
811.5187500000001,1127.7323213,1997.425,2841.2000000000003,38.96565190884374,42.24313804022681,5
813.2533333333333,1146.9366375,2006.2,2932.3,41.03067156195691,46.1618981158409,7
820.7337500000001,1142.7077676,2022.5583333333332,2904.0999999999995,39.23002040552125,43.58547549102414,7
830.0205555555556,1173.9324311500002,2031.4555555555555,2924.2000000000003,41.43413958757382,43.94604853662674,7
836.2648412698413,1189.2104663650002,2053.326984126984,3002.9999999999995,42.20500583992295,46.25045222774343,5
862.980138888889,1217.954425895,2124.713888888889,3108.7000000000003,41.13354073978462,46.3114641579193,6
888.6544444444444,1249.1781945700002,2177.0444444444443,3169.8,40.569622126961015,45.60106974797638,7
820.4300000000001,1174.7508019500003,2011.6666666666667,2963.3,43.18720694635742,47.30571665285833,6
809.6830357142858,1145.9455738999998,1999.5392857142858,2928.9,41.53014492752341,46.47874242459423,5
869.1344444444444,1219.24328242,2128.044444444444,3095.9999999999995,40.282471856163426,45.48568325640653,7
795.475,1103.9723227,1980.4999999999998,2869.8,38.781523328828676,44.902802322645826,5
821.5994444444445,1146.1665877899998,2017.4111111111108,2897.8,39.50430413996002,43.63953802177711,7
880.7009523809523,1265.9473810550003,2149.114285714286,3169.7000000000003,43.74316022170115,47.48866642736542,6
870.0124603174604,1231.119513995,2129.0984126984126,3108.7000000000003,41.505963437095446,46.0101600498609,6
907.8016071428572,1312.1330358349999,2213.339285714286,3276.2999999999997,44.53962468349262,48.025204321201784,6
870.3772222222223,1230.0887104,2120.5555555555557,3122.5,41.328228610966256,47.249148545978514,5
847.0572222222222,1175.0358807,2094.288888888889,3019.1,38.71977593406716,44.15871735831839,6
826.1983333333334,1161.11583483,2027.333333333333,2953.3,40.537179510569494,45.674120355146364,6
841.9422222222222,1181.0775794150002,2065.122222222222,3003.5,40.28012234588546,45.43933369561127,6
812.9427777777778,1137.3635823799998,1996.7777777777778,2875.6,39.90696682108961,44.01201936453174,7
826.3594444444444,1159.674980535,2028.5944444444444,2954.1000000000004,40.335417998960644,45.62299567023694,7
850.3672222222223,1195.9255257600005,2088.7722222222224,3022.6000000000004,40.63636209245553,44.7070182111235,6
870.5575396825396,1223.30218258,2141.168253968254,3098.3999999999996,40.51939439018509,44.70604980517978,7
884.8786507936506,1248.1174007799998,2170.729365079365,3157.1,41.049555174662544,45.43959513278947,6
833.9200000000001,1164.35214273,2040.1666666666667,2962.7000000000003,39.623961858451636,45.218527898047554,6
795.7973015873016,1123.3371529699998,1963.3587301587302,2870.2,41.158703444882946,46.188261773637,8
912.6099999999999,1325.9821427999998,2214.0,3300.7999999999997,45.29559645412607,49.08762420957542,5
825.6097222222221,1152.3915969900002,2040.3388888888885,2961.2999999999997,39.58067183223177,45.13765414786761,7
812.7587500000001,1128.0180355500001,2005.2749999999999,2898.3999999999996,38.78879009915304,44.53877897046539,7
816.7005555555554,1139.3219742499998,2026.9555555555553,2940.0,39.50302427246216,45.04511418328529,6
787.8639285714287,1100.926695,1958.2071428571428,2849.1,39.73563899494972,45.495332829957434,6
890.5497619047618,1260.969940515,2177.5238095238096,3170.4,41.594551417088816,45.59657102869139,6
891.5168055555556,1271.4794743499997,2175.1638888888892,3203.5,42.619798799829404,47.276258877045,6
812.79125,1138.2191969399998,1996.5083333333332,2906.6,40.0383181954776,45.58416568926585,7
846.9105555555556,1190.9301288100003,2080.1555555555556,3024.399999999999,40.620532002789254,45.39297274776455,10
788.5664285714286,1101.6783929650003,1950.357142857143,2849.6,39.70647913084598,46.10657388756637,5
854.4688888888888,1193.8312602,2093.488888888889,3009.7,39.716176413678696,43.76479454817581,5
864.9916666666668,1236.87494044,2117.4,3104.7999999999997,42.99270017321938,46.63266269953715,6
901.8012500000001,1285.0432143500002,2199.541666666667,3230.8000000000006,42.49738668581354,46.88514652673854,6
850.4237103174604,1195.62942464,2091.5924603174603,3012.2,40.59220246736482,44.01467098149753,7
879.7456944444444,1263.018908845,2150.9194444444443,3182.2,43.566364327885786,47.94603341465085,5
795.71375,1110.02982295,1961.525,2833.5,39.501148867918886,44.45393252698792,6
869.148888888889,1228.8844350450001,2127.488888888889,3110.6,41.389404134888025,46.209929285438214,7
832.4275,1174.04089315,2050.05,3004.4,41.03821571848601,46.55252310919245,7
852.1700000000001,1210.221934615,2092.9666666666667,3063.8,42.016491382587965,46.385513386102666,7
842.8919444444446,1187.66364215,2065.469444444444,2983.8,40.903427773627214,44.461105828779885,5
886.1294444444444,1249.05369193,2160.2111111111108,3140.5000000000005,40.95612100025517,45.379309635375186,7
818.7175,1153.31220225,2028.7250000000001,2967.4,40.86815076628996,46.269208493019015,4
884.0844444444444,1240.29792652,2175.3944444444437,3160.7999999999997,40.29179387941825,45.29778762982962,7
824.0666666666666,1161.4050397100002,2021.4333333333334,2927.6,40.93581098333472,44.82792737826294,7
893.0744444444445,1266.55120043,2169.5444444444443,3188.8,41.819218801841835,46.980164806743886,5
829.2793055555555,1151.6804362150003,2042.747222222222,2940.2,38.87726710405006,43.933618805829305,5
871.2836507936507,1254.4727278100004,2138.690476190476,3172.4999999999995,43.97983098469751,48.33843584748119,6
878.3365277777777,1249.7422914899998,2148.236111111111,3156.7999999999997,42.28513240271263,46.94846547231903,7
809.1076388888888,1132.52018895,1986.7305555555556,2881.7999999999997,39.971511145938386,45.05238226399317,7
822.8011111111111,1148.515395255,2030.0444444444445,2947.2,39.58602871890195,45.17908748576932,8
793.4680555555556,1100.4255559500002,1974.6055555555554,2825.5,38.6855523981397,43.09186926221553,7
853.3865277777778,1198.0009025850004,2097.0527777777775,3042.7,40.38197974657508,45.094106941090615,8
846.3101388888888,1177.7329064649998,2078.7138888888885,2973.2,39.16091186278736,43.03074684266582,7
762.5758928571429,1058.8437486200003,1900.6107142857145,2751.2000000000003,38.85093385955733,44.75347209825413,6
853.4383333333334,1199.5755551100003,2099.4,3070.2999999999997,40.557965146085564,46.246546632371135,7
825.2188888888888,1150.2919257899998,2031.088888888889,2940.5,39.39234078109914,44.77455989671659,7
833.6697619047619,1180.92056366,2056.0904761904762,3013.9,41.653280186370466,46.58401636022132,6
864.2298611111111,1232.2631942000003,2117.086111111111,3113.6,42.585121117629654,47.07006879214223,8
858.1723809523809,1206.9463097300002,2118.795238095238,3089.3,40.64147676141216,45.8045564977402,6
905.0677777777778,1293.8842161999999,2192.177777777778,3210.5,42.959924987815505,46.452538318060164,6
770.7581547619048,1085.1816963649999,1917.9369047619048,2789.5,40.79405967494742,45.44274074262585,6
870.7995833333333,1239.41619063,2134.308333333333,3137.2,42.33082035772679,46.9890714009613,7
862.2946825396825,1208.490396785,2118.939682539682,3068.4,40.14819078156448,44.80827487842081,6
860.0350000000001,1210.60316989,2103.2000000000003,3077.9,40.76208176295149,46.34366679345757,7
832.8608333333334,1160.883869385,2052.6833333333334,2945.9,39.38509567544797,43.51458659803022,7
852.1377777777777,1204.326129795,2087.7777777777783,3017.5,41.329977522609816,44.53166577967001,6
883.0744444444445,1243.1043557099997,2153.111111111111,3104.1,40.77005212081022,44.16812880586233,6
884.91875,1266.5433236050003,2153.3250000000003,3179.9999999999995,43.125379997316166,47.6785900874229,7
826.6361111111112,1163.537956715,2035.911111111111,2973.6,40.75576194597246,46.05745721271394,7
832.5225,1182.5680160049997,2060.175,3005.1,42.0463730415694,45.866249226400654,5
823.7994444444444,1166.5790778399999,2024.6444444444444,2960.3,41.609597543091326,46.213326894159756,7
855.94125,1199.2417849499998,2091.0416666666665,2987.0,40.10795541750088,42.8474643817874,5
857.5093650793651,1190.5112925000003,2111.3793650793655,3009.8,38.83361989752903,42.55136001515596,6
785.1892658730159,1104.2092363749998,1953.990873015873,2846.2,40.62969074689022,45.66086460818792,6
840.9926984126985,1181.358412275,2071.49126984127,3010.2,40.47189880538948,45.31560155842025,6
889.3250000000002,1280.09415155,2168.8333333333335,3226.3,43.939971500857375,48.75739644970414,5
864.1089682539683,1212.561812055,2120.8873015873014,3080.2,40.32510442579028,45.2316677880402,7
865.0272222222221,1220.63034616,2109.7222222222226,3071.5,41.10889400962978,45.58788676761024,7
817.67125,1166.062975905,2017.175,2963.0,42.60779939431649,46.88859419733043,7
781.4760714285715,1093.80865985,1932.845238095238,2800.4999999999995,39.96700600831849,44.89002765476504,6
887.5512500000001,1302.4174997,2168.05,3264.9,46.74279369219522,50.591545397938226,5
868.1277777777777,1224.449117005,2128.4777777777776,3082.9,41.04480335133719,44.84060074231456,7
858.725,1192.8768757,2102.9,3016.6,38.91255939910914,43.449522088544384,5
790.6725000000001,1095.9324093499997,1955.2,2829.5,38.60762949893913,44.71665302782324,7
834.5752777777777,1162.2827789500004,2068.677777777778,2995.7,39.266380145456615,44.81230630408042,7
879.1354761904762,1238.6445822649998,2155.819047619047,3117.6,40.89348181378945,44.61325051576909,7
893.2270634920635,1288.18260899,2173.0492063492065,3211.5000000000005,44.21670162498897,47.78772568134456,7
846.83,1193.4971923800001,2077.05,3038.5000000000005,40.937046677609445,46.28920825208831,9
827.3329365079366,1158.7917763350006,2031.2507936507936,2934.0000000000005,40.06353732586885,44.44302048624355,7
872.0261111111112,1228.1598621550002,2129.2611111111114,3114.8,40.83980359144446,46.2854876626477,6
920.32875,1315.11568455,2241.8750000000005,3309.8999999999996,42.8962948891904,47.63981042654024,6
845.4683333333335,1182.8864284,2085.983333333333,3016.5,39.90901631245798,44.60805854952502,6
826.8729166666668,1177.6066566500003,2039.4638888888887,2996.3,42.41688570442356,46.916060457064575,6
777.3276388888889,1077.6484413,1938.0138888888891,2799.4,38.63503462200177,44.446849222786774,6
840.2498611111112,1185.3132550000003,2069.336111111111,3027.1000000000004,41.06676000310095,46.28363095517753,7
848.3255555555556,1182.073858905,2086.2555555555555,3031.8,39.34200745972784,45.32256088792788,6
854.9008333333334,1187.4146736500002,2111.683333333334,3048.7000000000007,38.89501885501342,44.37297258900877,6
794.5764285714286,1114.003839225,1957.2904761904763,2858.8,40.2009673541249,46.05905637287699,5
814.2350000000001,1140.72508925,2011.5000000000005,2907.6000000000004,40.09777143576485,44.54884414615957,5
823.355,1149.85392835,2029.8666666666668,2922.1000000000004,39.654696740774014,43.95526799789806,6
882.8677777777779,1246.79947404,2170.377777777778,3154.4,41.221540237685005,45.338753110057624,6
873.6461706349207,1241.9610417500003,2141.7099206349203,3146.9,42.15835695215231,46.93399744196386,6
877.2016666666668,1275.9054163849996,2146.9666666666667,3208.3,45.45177749529273,49.434085298638394,5
865.5538888888889,1216.0458928649998,2117.4388888888884,3066.7000000000003,40.49337753262681,44.830626097040756,6
820.7955555555556,1147.58921551,2027.788888888889,2942.7000000000003,39.81425797721994,45.118656884071875,6
873.7877777777777,1224.94768874,2133.2277777777776,3072.8,40.18823791004429,44.044627208117085,7
800.0416666666666,1117.7775598200003,1987.5666666666668,2897.1,39.71491815884594,45.76114847300718,6
847.0818055555555,1183.121001755,2076.513888888889,2979.3,39.67021768093039,43.47604492037268,7
834.6566666666668,1160.8154553850002,2060.1666666666665,2982.6,39.07700036961306,44.77469460399645,8
787.6666666666667,1112.691487815,1939.2666666666667,2828.1,41.26425998497672,45.83347657190003,4
850.1566666666666,1188.3616984000003,2092.9666666666667,3048.4,39.78149498719847,45.649715714535986,7
837.5303174603175,1178.20522794,2050.3126984126984,2984.5000000000005,40.67612877737094,45.56316225864118,6
815.0133333333333,1139.445335315,2016.5,2935.7000000000003,39.80695636656251,45.583932556409636,7
843.3124999999999,1192.6529468499998,2072.383333333333,3035.7999999999997,41.42479174090269,46.48834272938565,7
888.6,1244.0957129,2173.466666666667,3126.4,40.00626973891515,43.84393595484937,5
847.7469642857143,1214.18571475,2079.2369047619045,3075.1000000000004,43.2250147628704,47.89560501534736,6
883.5494444444445,1243.5189964699998,2158.144444444444,3139.7999999999997,40.741302514416255,45.48609144687052,6
849.4332936507938,1228.1440473549999,2076.581746031746,3082.3,44.58393102023807,48.43143092681692,6
842.127638888889,1198.7276781950002,2070.8805555555555,3043.6,42.3451295075189,46.97129642918941,8
849.5862500000001,1196.1570548900002,2088.4750000000004,3052.8,40.79289240968766,46.17364344797039,9
839.64,1184.075893735,2051.1000000000004,2982.7000000000003,41.021853858201126,45.41953098337476,6
834.8832539682539,1188.893585545,2055.768253968254,3023.1,42.40237540926975,47.0545132781627,7
835.8470634920635,1184.05384879,2056.9920634920636,3014.3,41.65915040045395,46.53921390842693,6
865.4816666666668,1224.98021814,2129.166666666667,3120.6,41.53739649482271,46.564383561643815,6
772.44375,1077.8439285,1916.125,2784.4,39.53688258853799,45.31411050949182,4
950.9383333333333,1383.551993165,2301.5333333333338,3443.4,45.49334532715933,49.613301277409235,5
902.3416666666668,1299.75841253,2199.5333333333333,3267.0999999999995,44.0428233056584,48.53605310217316,7
879.6752777777779,1253.9557243350002,2153.161111111111,3172.9000000000005,42.54756908739369,47.360082978772844,8
853.0088888888889,1200.4699591950005,2089.1555555555556,3022.2000000000003,40.73358142360121,44.66131983151088,7
804.450476190476,1132.92154741,1985.2190476190478,2902.5,40.8317330825657,46.20552847712618,8
877.7177777777777,1255.0371134,2140.277777777778,3141.9,42.988685563317,46.79870214146658,7
803.4685317460317,1151.126452835,1982.3960317460317,2928.2999999999997,43.26963749699902,47.71518672890229,6
841.5108333333333,1187.3338691000001,2062.2333333333336,3009.9,41.095494207343364,45.95341619926616,8
889.7112500000002,1270.1899109499998,2172.075,3171.4999999999995,42.76428571067294,46.01245352945915,6
763.5707142857143,1057.38829075,1909.514285714286,2757.0999999999995,38.479419255771035,44.387503179566934,5
884.8194444444445,1255.57086436,2147.1444444444446,3150.8,41.90136442450594,46.74373715994887,6
877.0337499999998,1224.6874116499998,2146.8250000000003,3078.6000000000004,39.63971302700723,43.40246643298825,7
873.3787500000001,1247.98428605,2128.7583333333337,3114.5,42.89153314641556,46.305945171481,6
864.0893055555557,1239.86504988,2106.2805555555556,3101.3,43.488067947194864,47.240593937971234,7
832.9147222222223,1169.78713236,2044.6722222222222,2970.5,40.44500609125983,45.28000956415182,8
879.4869444444445,1251.251668,2150.561111111111,3156.7999999999997,42.27063584103485,46.78959754689343,7
870.7911111111111,1224.0470042550003,2136.277777777778,3114.6,40.56723692242816,45.795646633552636,7
848.8005555555557,1206.6832339799998,2092.4222222222224,3076.1,42.1633416804497,47.01143809938507,7
855.9993055555556,1223.591244745,2101.4472222222225,3097.6,42.943018388417045,47.403178497358276,7
883.6175000000001,1254.7910712000003,2169.9500000000003,3163.3,42.006136275028524,45.777552478167685,7
856.8504761904761,1211.71199454,2101.769047619048,3063.2000000000003,41.414637467113785,45.74389148370477,8
851.9858928571427,1215.7038389000002,2086.615476190476,3071.7999999999997,42.69060662766679,47.21447411135714,6
855.5384126984128,1232.482978815,2096.984126984127,3115.2000000000003,44.05933860148773,48.556203164029974,6
793.9683333333332,1115.3791371150003,1958.8333333333335,2833.1000000000004,40.48156460249259,44.63200884880457,5
855.51875,1196.6954467,2111.225,3042.4,39.879511314041935,44.10591007590381,6
844.1830555555555,1184.4458232799998,2079.9055555555556,3024.2,40.306751655956646,45.40083283696107,7
847.9030357142857,1219.1726785699998,2077.282142857143,3088.3,43.786804294544275,48.67022328282665,6
895.3158730158731,1259.2810520700002,2197.4015873015874,3207.2999999999997,40.65215305835133,45.95875503751544,6
862.0961111111112,1210.87242027,2111.8111111111107,3054.9999999999995,40.45677792344627,44.662559256667535,7
815.835753968254,1150.513273325,2006.4718253968256,2907.2,41.022659000768556,44.89114490431655,6
848.9233333333333,1194.8870739200001,2076.583333333333,3003.7000000000003,40.75323730686323,44.646253862514584,8
856.84,1201.2108032,2105.0333333333338,3032.3,40.190794454040436,44.049975455653886,6
847.2344444444444,1196.42447381,2085.2444444444445,3029.6,41.21527773750151,45.28752291231509,7
831.4568055555554,1181.9250202900002,2038.6305555555555,2976.7999999999997,42.151103026966275,46.01959103810155,6
884.6462499999999,1269.73875,2141.075,3175.4,43.53067681008088,48.3086767161356,5
882.3425,1255.1339287,2156.25,3156.8999999999996,42.250195213310036,46.40695652173912,7
856.676111111111,1211.0599502100001,2086.211111111111,3052.7,41.367307259128815,46.32747298398478,7
823.0781944444445,1161.6669744699998,2035.6194444444443,2970.0,41.136891040357774,45.901534204030185,6
834.1549206349207,1163.2542876650002,2050.1349206349205,2934.0000000000005,39.453027116304014,43.112532276234276,6
860.2836111111111,1226.02128945,2106.2194444444444,3094.2,42.51361686020212,46.90776918623283,7
832.8299999999999,1166.23187505,2047.4,2949.2000000000003,40.03240457836536,44.046107257985746,6
815.9398412698413,1140.3562682,2023.593650793651,2946.3,39.75984631725688,45.59741274363382,6
842.8815079365079,1189.40847282,2072.5603174603175,3048.2999999999997,41.11218025554253,47.07895226592672,7
799.3040277777776,1117.804564685,1986.1527777777776,2893.1,39.847232822373805,45.66351754858291,6
784.225,1089.4575013499998,1953.6,2823.5999999999995,38.921546922120534,44.53316953316951,6
814.7106944444444,1134.707837885,2020.7194444444444,2933.2000000000003,39.277395721282794,45.15622186267544,7
802.4916666666667,1123.1026691,1975.4666666666665,2833.7,39.95194165256129,43.44458693304536,6
808.7973611111112,1126.33423535,2005.4861111111113,2915.5,39.26037466327318,45.376224938536645,5
838.6047222222222,1181.3890082600003,2076.8055555555557,3042.7,40.87554922531709,46.50866046947099,5
832.0400000000001,1169.31669773,2058.133333333333,2996.4,40.536115779289446,45.58823529411766,8
866.5038888888889,1218.507727635,2121.988888888889,3081.6999999999994,40.62345746624206,45.22696212672594,8
845.4819642857143,1208.4930357500002,2065.9607142857144,3022.7999999999997,42.93540096635501,46.314495677382865,6
848.5699999999999,1191.4100887000004,2080.3,3002.7,40.402098671883344,44.339758688650655,5
838.26,1189.6083534299996,2043.6166666666666,2951.5,41.914006803378385,44.42532438405768,7
825.2248214285714,1158.8353872549997,2040.9035714285715,2973.7999999999997,40.42662764904538,45.70997089874406,7
804.7541071428572,1120.326695,1993.2892857142856,2887.7999999999997,39.213541758429756,44.87611109418925,7
886.2361111111111,1257.66704335,2161.4444444444443,3148.4,41.91105819116427,45.6618516424202,7
862.0444444444446,1209.85917631,2119.0444444444443,3088.5999999999995,40.347656563079994,45.754375661985996,8
862.8769444444443,1214.3030159500001,2119.6944444444443,3082.8,40.727252451022245,45.43605603533006,7
878.7735714285714,1264.8629363849998,2149.109523809524,3174.7,43.93502234355834,47.72164772563606,7
894.2942857142858,1285.60627993,2176.688095238095,3221.2999999999997,43.75651286904597,47.99088611028771,6
809.5963888888889,1125.7340672799999,2002.7472222222223,2895.5,39.048800455370916,44.57640823923805,6
832.977361111111,1172.9265578549998,2046.8527777777779,2991.9,40.81133685199194,46.17074723118283,7
789.2604166666666,1093.9304159000003,1960.9916666666668,2835.8999999999996,38.60196112711007,44.615606899570345,7
843.8799999999999,1187.1551793500003,2088.0,3059.5,40.678198245011195,46.52777777777778,6
848.7127777777779,1198.8925485499997,2076.744444444444,3032.5999999999995,41.260103528677035,46.02663356642608,7
889.1922222222223,1267.0596132000003,2168.4722222222226,3171.8,42.49557986836994,46.26887849868697,7
881.725873015873,1246.30140842,2157.101587301587,3143.3,41.347945723439565,45.71868188795372,6
821.4544444444446,1161.5782738750004,2016.8777777777777,2939.8999999999996,41.40507507517157,45.76490615307487,7
880.2775,1237.5417859500003,2156.9833333333327,3143.2,40.58541607050052,45.722034631700176,5
841.8805555555556,1182.243144455,2062.7722222222224,2999.0000000000005,40.42884547616612,45.38687149709535,8
872.9433333333334,1227.6136002649998,2145.833333333333,3128.5999999999995,40.62924286017035,45.79883495145631,8
771.1949999999998,1070.121607415,1910.7999999999997,2773.2,38.76148152088644,45.132928616286385,5
862.5425,1203.84482065,2117.5499999999997,3039.5,39.569333760365424,43.538523293428746,6
871.5141666666667,1249.6084524150003,2131.866666666667,3133.3,43.3836075430023,46.974482456688975,7
854.5172222222222,1204.63978176,2101.9222222222224,3047.1000000000004,40.97314254559592,44.967305059390085,8
826.5072222222221,1164.2316854299997,2028.5222222222224,2955.2,40.86164695569641,45.682407006742714,6
845.7904166666666,1199.8370235599998,2085.8416666666667,3049.6000000000004,41.85985084681636,46.2047694575731,5
855.0533333333333,1204.6577478550005,2105.3333333333335,3050.0000000000005,40.88685476013199,44.8701709943002,8
863.3006944444444,1224.8495441849998,2116.744444444444,3088.4,41.879828438365976,45.903300141202195,6
867.3094444444445,1223.8272718350001,2120.3444444444444,3105.7000000000003,41.10618530378432,46.471485240867594,7
834.86,1175.7660717299998,2052.233333333333,2985.1,40.833920864576065,45.456169701301036,7
832.9994444444445,1163.0416471850003,2054.311111111111,2991.9,39.620939118473494,45.64006317338064,6
883.71125,1256.1627454000002,2155.141666666667,3158.7000000000003,42.14628877928172,46.56577100499967,8
781.6792857142858,1084.8726772649998,1940.6714285714286,2791.2000000000003,38.78744097378259,43.82651070689822,5
809.8898611111111,1142.265664595,1995.6694444444445,2917.5999999999995,41.03963013290388,46.19655615422837,8
792.935,1103.8837499899998,1961.8833333333337,2824.1000000000004,39.214910426453606,43.94841691232064,5
848.8788888888889,1190.299335195,2090.688888888889,3017.0999999999995,40.22015988087554,44.31128495657995,6
870.0680952380952,1230.1070240850001,2127.690476190476,3083.0000000000005,41.38054605351088,44.898895516041335,7
802.4721428571428,1108.95934475,1990.6523809523808,2861.0,38.192877425206575,43.721727981016045,5
929.8183333333333,1356.190743715,2254.8333333333335,3366.1,45.855453167195755,49.283760810111595,5
808.4316666666667,1125.1948800349999,2007.1666666666665,2914.3999999999996,39.182435130777876,45.19970107116166,5
889.0811111111111,1252.7345931900002,2180.177777777778,3181.9,40.90217163925803,45.9468137154972,6
843.8772222222223,1173.5157939099997,2075.688888888889,2990.0000000000005,39.06238526260069,44.0485621908657,7
846.8361111111111,1200.0835903350003,2069.9611111111108,2996.6,41.71379498217224,44.76600472902069,6
841.32,1170.95157725,2075.8,2980.0,39.18028541458658,43.559109740822805,5
823.6833333333334,1157.2915181350002,2032.0555555555554,2932.1,40.50199528156048,44.292314842660694,6
837.4854761904763,1172.5196057200003,2063.390476190476,2994.5,40.00476892489111,45.1252215493686,7
850.545,1192.0664676899999,2088.366666666667,3053.1,40.15325087914219,46.19559145105424,6
910.3768055555556,1285.68832258,2217.8305555555553,3208.0999999999995,41.22595333428022,44.650365284393274,5
883.48,1234.3344651,2152.7999999999997,3088.7,39.712779587540176,43.47361575622446,5
776.2135714285713,1088.0434228549998,1931.1714285714286,2804.2,40.173202698907424,45.20720214229704,6
879.1033333333334,1243.623333415,2136.2000000000003,3120.4,41.464977581133795,46.072465124988284,6
927.55,1350.29473165,2251.2833333333333,3343.8,45.576489854994335,48.52861701103816,5
873.505,1233.24587433,2126.366666666667,3095.0000000000005,41.183607916382854,45.553447978554985,7
864.4441666666668,1245.6742258499999,2091.116666666667,3092.3,44.10117783006996,47.87792806076499,5
861.3838888888889,1201.90063529,2115.538888888889,3056.6000000000004,39.53135771326632,44.48328111828614,7
908.3100000000002,1309.1949106800002,2213.9500000000007,3281.5,44.1352523565743,48.219246143770135,6
839.2738888888889,1173.7611716000001,2066.0222222222224,2950.7000000000003,39.85436543890785,42.82034182702134,6
849.6651388888889,1215.8598416950001,2082.613888888889,3062.4999999999995,43.09870866127163,47.05078153655726,7
818.7794444444444,1141.175784645,2025.5444444444443,2944.4,39.3752361992071,45.36338652433641,6
899.3505555555555,1281.3898610499998,2192.0555555555557,3222.1,42.479465113405894,46.989887725878795,7
804.228511904762,1130.2138816650001,1984.929761904762,2890.9,40.53392349746012,45.642433071579234,8
924.9000000000001,1352.5357144000002,2243.9666666666662,3347.7000000000007,46.23588651746135,49.18670806161714,4
874.5177777777778,1230.4592954900004,2140.2777777777774,3116.2,40.70146162342171,45.59792342634655,7
826.44,1154.0231652900002,2026.2999999999997,2906.5,39.637864247858296,43.43878004244191,7
833.7373611111112,1182.3587005499999,2037.652777777778,2958.3,41.8142877721451,45.181751879545494,6
894.0312500000001,1269.9514286500003,2189.1749999999997,3219.5000000000005,42.04776719493867,47.064533442963715,7
868.4688888888888,1210.92504985,2133.8555555555554,3081.2,39.432173718882034,44.39590308622368,5
847.1544444444445,1200.94346227,2075.0111111111114,3046.0,41.76204470692082,46.794394675262765,6
812.9875000000001,1129.7725000499997,1996.9499999999998,2852.1,38.96554375682278,42.82280477728537,6
884.1319047619048,1250.9311020650002,2160.0761904761903,3158.7999999999997,41.486931455309694,46.23558251913513,6
840.2625,1200.3168753,2062.5833333333335,3046.4000000000005,42.85022541170169,47.69827481717912,7
814.6222222222224,1149.0886517349998,2008.9222222222224,2910.3,41.05785729738387,44.868724523376265,7
846.3694444444445,1184.6141765,2091.3444444444444,3015.6000000000004,39.964194628691814,44.19432475653622,5
826.4322222222223,1149.01293797,2032.322222222222,2921.5,39.0329305990005,43.751811009846435,5
872.6863888888889,1217.4846022450001,2139.2388888888886,3073.1,39.509979500781604,43.653895596305034,6
805.5853571428572,1132.2648815500002,1979.7309523809524,2872.8,40.55182005365221,45.110627105414764,6
905.3528571428573,1301.7665192250001,2199.614285714286,3255.1,43.78554272564604,47.98503633753968,7
880.2656349206349,1274.07952393,2151.492063492064,3207.2,44.73807375711897,49.06864191701583,6
871.5033333333334,1230.7218949400003,2135.2833333333333,3134.1000000000004,41.218265939698085,46.77677435469143,8
881.7244444444444,1247.5434040050002,2143.244444444445,3110.6000000000004,41.489034569190196,45.13510150757935,6
815.4022222222222,1141.2919843850002,2014.2555555555557,2900.5,39.96674932705334,43.99860990826497,6
901.1160714285716,1297.8894644050004,2202.992857142857,3267.3,44.03133020892744,48.31187443056365,6
849.3055555555555,1194.07323462,2087.138888888889,3045.4,40.59406850799673,45.912666196414534,7
821.4627182539683,1155.841914755,2022.5123015873016,2948.5,40.70534049454611,45.784032941899426,8
908.4224999999999,1296.79705355,2208.2833333333333,3236.2000000000003,42.75263476521115,46.548223733367564,7
845.9222222222222,1178.7935610949999,2073.722222222222,2962.7999999999997,39.35011164481892,42.87352318696921,5
810.8744444444444,1130.3572309450003,2008.2444444444448,2914.2,39.399784848250285,45.11181684389901,7
834.2780555555556,1173.25129968,2055.0055555555555,2989.4,40.63072759341826,45.469193108426325,8
837.7946825396825,1165.054682585,2065.203968253968,2959.7000000000003,39.06207652849558,43.3127209465071,6
856.8612499999999,1195.6960719,2093.875,3012.2000000000003,39.54372098166421,43.857680138499205,6
851.0349999999999,1185.96464269,2090.1333333333337,3005.5000000000005,39.35556618587956,43.794654248532794,6
847.0305555555556,1185.7921725,2081.9055555555556,3005.5,39.99402556643963,44.36293673264077,7
781.05375,1091.01473195,1940.5249999999999,2820.4999999999995,39.68497455520826,45.34726427126679,6
832.1379166666666,1160.456041465,2051.741666666667,2963.2999999999997,39.45477284744968,44.42851398608497,8
872.560376984127,1236.5882338150002,2143.959126984127,3146.0,41.71950347884012,46.737872023961,7
910.4183333333334,1323.497976265,2216.733333333333,3304.2000000000003,45.37250929682507,49.05717121289588,5
855.3877777777778,1209.1120527200003,2102.111111111111,3066.2999999999997,41.35250515984306,45.867646281515945,7
871.4120833333333,1226.24482136,2137.7250000000004,3114.6000000000004,40.71928136104763,45.69694418131424,7
883.6936111111112,1252.120396955,2154.461111111111,3177.8,41.69168829688015,47.498601093854354,5
885.92875,1265.30535699,2162.458333333333,3196.9000000000005,42.82247381519112,47.836374496618475,6
896.0344444444445,1307.68456373,2182.277777777778,3276.3,45.941327572600756,50.1321249459026,6
767.6812500000001,1066.4501786050002,1907.2749999999996,2734.5,38.91835688379781,43.37208845080025,6
878.7674999999999,1251.3115190000003,2156.6499999999996,3174.3999999999996,42.393923193563765,47.19124568196045,7
846.7505555555556,1181.9639667500003,2073.6555555555556,2978.4,39.588212726298146,43.63041113653291,7
812.14,1147.8409823,2005.3000000000002,2917.5,41.33535871894008,45.489452949683326,5
856.7911111111111,1204.70660706,2103.561111111111,3074.7,40.606805023654125,46.166421491597575,8
859.5961111111111,1211.7593264050001,2104.777777777778,3064.0000000000005,40.96845143222949,45.57356279364411,8
863.114761904762,1223.1563989499998,2119.004761904762,3114.2,41.71422537724661,46.96521952129369,7
861.8880555555556,1217.52037703,2110.472222222222,3054.7999999999997,41.262008352721736,44.744856996196205,7
834.4201388888889,1165.27987101,2052.063888888889,2967.7000000000003,39.651455747662425,44.62025359292746,8
897.7859722222222,1273.7081443000002,2196.397222222222,3233.7,41.87213698018539,47.22746720323562,6
828.5094444444444,1163.396231535,2052.5444444444447,2997.8000000000006,40.42039464198424,46.05286663166044,6
864.9237301587302,1223.35381887,2127.8587301587304,3113.4000000000005,41.440658431870155,46.31610434813745,5
867.70375,1232.7563390500002,2126.425,3134.3999999999996,42.0711088375497,47.40233020209973,6
838.7519841269841,1180.604543215,2072.026984126984,3017.1000000000004,40.757287679484115,45.61103803728732,6
787.1375,1100.2416965000002,1954.2499999999998,2810.4,39.77757335916535,43.80964564410901,5
936.7614285714286,1349.1661604450003,2275.207142857143,3376.8,44.02452100344197,48.41725557170618,4
846.8465079365079,1176.9592868500001,2088.3365079365076,2993.2,38.98141821684672,43.329391054777425,6
823.7258333333333,1156.4029764149998,2031.283333333333,2956.5,40.386877480270016,45.54838074452113,8
822.4855555555556,1156.8610021299999,2016.6555555555556,2936.0,40.65426369081792,45.587578994925586,7
801.8169444444444,1130.9265082600002,1983.4277777777775,2893.1,41.04547379496778,45.8636423475633,8
853.5805555555556,1196.7793153500002,2105.7222222222226,3045.1000000000004,40.20695616374164,44.610716829802385,7
864.2154166666668,1233.86782587,2100.9916666666663,3074.5,42.7731792414796,46.33565895469999,6
865.7875,1241.70946421,2114.4333333333334,3127.7999999999997,43.41965715721237,47.92615830876671,7
825.6113888888889,1164.0479080649998,2036.2388888888888,2983.1,40.99222996809433,46.50049246568428,6
850.7683333333333,1203.441189615,2095.9333333333334,3075.9,41.45345359763038,46.755621998155156,7
850.0527777777778,1187.614652835,2084.8444444444444,3036.4,39.71069607462282,45.641561320855274,6
820.5926388888889,1153.7298718450002,2034.713888888889,2977.8,40.5971510306491,46.34981440197025,5
840.0392857142857,1181.9350007000003,2065.8714285714286,2983.2999999999997,40.699967346765284,44.408793245327104,5
837.7902976190477,1191.0672627650004,2062.0940476190476,3006.1000000000004,42.16770785600474,45.77899603904724,6
886.3228571428572,1275.429002875,2164.6571428571424,3202.6,43.90117467876909,47.949526813880155,7
809.013888888889,1133.8079058800001,1995.7222222222222,2895.7000000000003,40.146902476197006,45.09534281657992,7
852.1427777777778,1187.2326780550002,2090.8611111111113,3003.3,39.32321073600734,43.63938302932072,8
847.0122222222221,1194.10333359,2081.7222222222226,3032.4,40.97828841916226,45.66784980384829,9
783.2857936507938,1105.3487199350002,1935.4650793650794,2820.7999999999997,41.11691146383655,45.742748348905906,6
820.0150000000001,1141.9259831600002,2020.7666666666664,2930.3,39.25671886002086,45.00931989508935,7
838.9775000000001,1173.5459497000002,2073.583333333333,2995.1,39.878119460891384,44.44078286380261,4
879.4762499999999,1248.9633930000002,2150.041666666667,3165.9000000000005,42.0121797490268,47.248309141295714,7
877.35125,1249.4142264,2150.4750000000004,3157.7999999999997,42.40752793137297,46.84197677257347,8
879.8031944444444,1258.8353363899998,2137.236111111111,3152.7000000000003,43.081469167078545,47.51294831720618,6
819.3934722222223,1142.3324897500001,2028.5972222222222,2942.8,39.41195878116487,45.065761096543184,5
822.70875,1164.6608926,2014.4916666666666,2951.2999999999997,41.564179620066014,46.5034603435937,6
849.7833333333334,1185.35952404,2092.0333333333333,3034.4999999999995,39.48961782885832,45.05027007217856,7
813.1627777777778,1132.2522422700001,2014.077777777778,2892.3,39.24053992784007,43.60418609013223,7
839.29,1163.2177080950003,2071.1000000000004,2988.2,38.59544473245247,44.28081695717248,7
866.8491666666666,1219.0213092850004,2125.05,3078.4,40.62669218135801,44.862473824145304,7
893.1866666666667,1257.5851484150003,2190.433333333333,3198.6999999999994,40.797572931563415,46.03046581346157,5
838.333611111111,1190.4918855299995,2053.961111111111,2986.7999999999997,42.00693730412941,45.416579887642555,6
820.8972222222222,1143.1218649649998,2018.6222222222223,2915.3999999999996,39.2527388350145,44.42524053810077,8
852.6476984126984,1199.948434225,2102.4126984126983,3061.3,40.732032287056164,45.60889982786219,7
845.9957142857144,1193.7772020850002,2080.1785714285716,3025.6,41.10913116066107,45.449051420722796,7
870.5544444444445,1227.1221231450002,2137.8111111111107,3131.4,40.95868799200766,46.476926035456856,6
859.8562698412699,1218.0341270800002,2112.6174603174604,3102.0,41.655549863566186,46.83207245356508,6
783.3037499999999,1096.656875,1946.125,2828.3,40.00403738651832,45.32982208234313,6
822.89375,1143.3328576499998,2025.3250000000003,2922.7000000000003,38.94052028588136,44.307703701875,6
876.3177777777777,1232.4345933050001,2150.777777777778,3139.1,40.637862720334866,45.9518520431885,8
863.05125,1215.5316962999998,2127.675,3101.0,40.84119527084861,45.74594334191076,5
789.8362500000001,1103.7759151000002,1947.975,2803.6,39.74743690226932,43.92381832415714,6
817.8573611111111,1157.84290686,2009.702777777778,2922.9,41.570273976258775,45.43941682918838,8
841.6393055555557,1188.9932043100002,2063.0805555555557,3027.2,41.27111180069716,46.732030983871184,8
838.1316666666667,1176.53220201,2061.7666666666664,2997.9,40.37558164210476,45.404426624415976,9
800.2005555555555,1116.0165369,1980.0222222222224,2853.5,39.467103484473675,44.11454416897677,6
825.3837500000001,1153.1738389500001,2027.7583333333332,2923.2,39.713659125225085,44.15919056758078,7
866.3672222222223,1226.7061510249996,2118.222222222222,3119.4,41.59193925625579,47.26500209819556,7
871.3425,1223.3280363500003,2149.2,3134.4,40.39577277017939,45.84031267448355,6
782.87375,1096.8,1941.5249999999999,2817.7000000000003,40.09921778575409,45.12818531824213,5
875.0230357142858,1247.9775899499998,2143.8964285714287,3162.9,42.62225553082374,47.53044773284956,5
795.5248214285714,1105.19514025,1966.3369047619046,2836.2000000000003,38.926543896560645,44.23774446441688,7
813.323888888889,1143.22969227,2003.9888888888888,2924.1000000000004,40.56265995479454,45.913982667901266,6
901.9425396825397,1307.4606148449996,2177.9349206349207,3225.0,44.960522130954324,48.0760499060199,5
859.3004166666667,1219.5673815200003,2110.991666666667,3099.5,41.925612727019725,46.826728354367404,7
859.4884920634922,1213.9322122300005,2121.006349206349,3101.3,41.238914009836996,46.21832702954723,5
870.9888888888889,1224.7166063749999,2140.1555555555556,3119.7000000000003,40.612196320593426,45.76977789776445,7
801.8666666666666,1130.889144305,1979.1238095238095,2883.4999999999995,41.032068212296316,45.695786495226336,8
889.3994444444445,1258.75533767,2166.1944444444443,3146.5000000000005,41.528684949457144,45.25473500634756,7
869.0161111111112,1224.03483097,2127.677777777778,3095.4,40.85295028707433,45.482555315915626,8
804.09375,1128.4716073499999,1973.325,2869.5,40.340800727527096,45.41446543270875,5
861.3050000000001,1198.4287503500002,2119.0,3037.8,39.14104183187141,43.360075507314775,5
852.5131944444445,1205.5541766350002,2089.286111111111,3063.8999999999996,41.41179098355436,46.648177274800126,8
844.1038888888887,1186.75151664,2074.055555555555,3015.3,40.59306351522032,45.38183376637295,8
805.3397222222222,1134.03903741,1990.6055555555556,2905.0,40.81498852195916,45.93549143337175,7
785.1712499999999,1093.8293743000002,1950.675,2823.8,39.3109304880942,44.76014712855808,7
882.9317857142858,1256.6021429,2172.0880952380953,3192.6000000000004,42.32154320771423,46.982988719435006,5
852.3190277777778,1207.21786746,2095.2527777777777,3073.4,41.63920176785654,46.683972100953085,7
771.6955555555556,1090.24945917,1913.9555555555555,2797.3999999999996,41.27973801599938,46.15804384172393,7
933.965138888889,1373.1578469449996,2269.4305555555557,3419.1000000000004,47.02452905026042,50.65893916119438,5
852.5350000000001,1202.0558042750004,2082.866666666667,3020.7999999999997,40.99782463769819,45.030886918669765,7
860.9616666666666,1209.8611262499999,2115.0333333333333,3056.0,40.524389539216806,44.48944855085026,8
888.7995833333334,1267.7585118900001,2167.3083333333334,3192.1,42.637163165111744,47.28407356282946,6
806.2420833333333,1122.5568748499998,1988.1083333333333,2863.7,39.23322759448281,44.04144643358635,7
852.3190277777778,1207.21786746,2095.2527777777777,3073.4,41.63920176785654,46.683972100953085,7
823.8338095238096,1160.584812785,2032.0238095238094,2970.6,40.87608439569121,46.18923194094558,8
915.9922222222222,1331.99965327,2228.422222222222,3314.2000000000003,45.41604404003916,48.724059872954484,7
911.9246031746031,1289.267907445,2213.874603174603,3215.6,41.378783175361725,45.24761228070301,4
839.5955555555556,1185.54358963,2068.2555555555555,3023.6,41.20412879574292,46.19083177986816,7
818.5450000000001,1146.614591915,2019.8999999999999,2934.5,40.07960367664573,45.279469280657466,7
867.6036111111111,1230.645247735,2128.594444444444,3117.3,41.84418229414163,46.44875204555958,8
853.6894444444446,1200.5686002199998,2092.3444444444444,3048.2999999999997,40.63294422028302,45.688249757050826,8
852.6572222222222,1201.7371325000004,2087.222222222222,3058.7,40.94023966254517,46.54405110460473,7
857.345,1198.2063994750001,2098.6666666666665,3025.8999999999996,39.757787060634875,44.18202033036848,6
888.375,1249.1258939999998,2175.4999999999995,3160.3,40.607952047277315,45.26775453918643,6
829.0072222222223,1155.93615255,2038.1888888888889,2944.2,39.43619808901277,44.45177363345453,7
860.2907142857142,1227.18937555,2109.2285714285713,3091.3999999999996,42.648218232707066,46.565433536973565,5
835.5388888888889,1164.9250491899998,2073.688888888889,3007.1,39.422002336615726,45.01210939174418,6
827.8855555555555,1151.4735817350004,2034.3888888888887,2943.8999999999996,39.08608188752611,44.706846172751845,7
764.3627777777778,1061.4015971,1903.8277777777778,2751.7999999999997,38.86097386712097,44.54038501381718,5
918.1616666666666,1337.1205359849998,2229.666666666667,3327.1000000000004,45.63018524170578,49.21961429212139,6
823.5061111111112,1155.1115572899998,2014.611111111111,2879.2000000000003,40.26751492244202,42.91591980806885,6
844.49,1173.7070535950002,2081.4,2977.9,38.98412693992826,43.07197078889209,8
807.8544444444445,1136.32867057,1997.077777777778,2907.1,40.660075386655166,45.56769057011075,8
830.8975,1185.7752677,2042.05,3006.0000000000005,42.71017396249237,47.205014568693244,7
878.697380952381,1278.5606846150001,2144.652380952381,3210.1000000000004,45.50637253854394,49.67926870155449,5
844.7244444444444,1178.4714879000003,2083.4944444444445,3030.2,39.50957565517753,45.43835276738598,8
836.4523611111111,1183.6867359550001,2043.186111111111,2991.9000000000005,41.51274967801349,46.43306274106214,6
819.0470833333333,1137.4068168,2020.2916666666665,2926.5,38.86952776524345,44.85532204508426,6
792.0348611111112,1112.1220038550002,1963.7694444444444,2853.5,40.41326442309025,45.30728177244161,5
804.758373015873,1130.229891455,1994.7265873015872,2906.1,40.44338392148762,45.68913947907489,7
850.8638888888889,1194.7805851000003,2092.0888888888885,3020.0,40.4197076291743,44.353331067301184,8
863.7366666666668,1229.46154774,2113.7000000000003,3086.5,42.34217385777299,46.02356058097173,7
829.2338888888888,1167.7366872700002,2041.388888888889,2970.6,40.821148642957624,45.518573955640214,8
797.6475,1112.06535639,1970.0166666666669,2842.8999999999996,39.4181460344325,44.308423786600756,7
828.505,1166.15241105,2034.6166666666663,2947.5,40.753816941358224,44.86758357430149,5
824.6294444444446,1146.632082755,2035.0444444444445,2943.7000000000003,39.04816162943219,44.65040348559137,9
815.885,1136.9263402999998,2006.3000000000002,2914.3,39.34884699436805,45.257439066939135,6
829.3205555555555,1154.5259029000001,2047.3555555555556,2941.6999999999994,39.2134675989783,43.68290803312671,7
837.1995833333333,1186.7949102999999,2063.675,3019.6,41.757704366591184,46.32148957563568,7
822.335,1172.386785695,2026.0666666666666,2986.3,42.56802710513355,47.39396531867989,6
808.0660714285715,1125.87517885,1994.4785714285713,2883.1,39.32959428176179,44.55407249298958,6
826.5888888888888,1153.3543563450003,2036.2888888888888,2946.8,39.53180013045586,44.71424050287562,8
806.7468253968254,1133.39932565,1998.6396825396826,2916.8000000000006,40.490088088354064,45.93926186302909,6
874.68125,1247.7140178499997,2128.208333333333,3127.9999999999995,42.647852329062694,46.97809190046401,6
836.2150000000001,1178.958898885,2045.8166666666666,2980.8,40.98753297716495,45.70220531328159,8
780.15625,1088.9599999500003,1941.575,2821.4,39.58229520688969,45.315014871946744,6
826.5344444444444,1150.5426686350002,2042.3444444444444,2962.2999999999997,39.200813271410375,45.044094205461036,7
851.2500000000001,1189.5121428500001,2089.3,3029.5,39.737109292217326,45.00071794380892,6
810.3620833333333,1136.81461267,2005.091666666667,2917.6000000000004,40.28477344273575,45.509556919675326,8
863.2059722222223,1217.57064496,2120.5972222222217,3073.4,41.05215720710407,44.93086984143622,6
827.7516666666667,1172.1789285,2036.0166666666664,2996.0,41.60997503276949,47.15007244537948,7
843.22,1194.60357162,2056.766666666667,3016.1,41.67163630132111,46.64278884333012,6
893.3266666666666,1257.03197448,2182.7000000000003,3148.9,40.71358455809372,44.266275713565754,8
859.51125,1229.22169804,2097.4750000000004,3093.5,43.01403245623603,47.48685919975206,6
814.2574999999999,1130.81080355,2020.1499999999999,2938.3,38.87631413281426,45.44959532707969,5
864.3112500000001,1207.24875,2114.325,3040.7000000000003,39.67754671711144,43.81421966821565,5
851.32375,1187.8618749499997,2103.5750000000003,3035.4,39.53115661932368,44.297208323924735,7
857.707777777778,1206.6234906800003,2099.577777777778,3057.1,40.68002202407708,45.60546564917812,7
791.7882539682539,1114.8352181750001,1959.6301587301587,2858.6000000000004,40.799666146562785,45.8744644883591,7
829.486111111111,1156.53164675,2040.0444444444445,2950.4,39.42748784555366,44.6243001241803,6
896.1150000000001,1261.9844041850001,2183.35,3147.5,40.82839860787956,44.15920489156572,7
854.2941666666666,1201.754522685,2100.816666666667,3074.2999999999997,40.67221451061452,46.33832874517049,7
860.5788888888889,1197.0953773150002,2108.188888888889,3051.1,39.10350262723673,44.72612089365806,5
843.2727777777778,1195.533382665,2057.4777777777776,3004.1999999999994,41.77303171288321,46.013727703282854,6
908.7449603174604,1302.8614770600002,2216.906746031746,3278.6,43.369320761334336,47.89074939073014,6
810.1054166666667,1138.4881842350003,1999.8916666666667,2901.2,40.535806922453034,45.06785784229978,7
793.0322222222222,1105.744087,1954.2388888888888,2813.7,39.43242859684839,43.97932699004727,7
881.5622222222222,1236.8897235600002,2153.655555555556,3098.0,40.306570810404786,43.84844373133016,7
821.3477777777779,1148.7256849000003,2029.3444444444444,2932.8,39.8586221305632,44.51957665584399,6
817.3805555555557,1140.7658234900002,2023.6555555555553,2938.5,39.56361155602076,45.20751774840911,6
801.5038888888888,1121.2065668649998,1979.0222222222221,2850.2,39.88785112687467,44.02061624146604,7
890.5829166666667,1271.93270815,2165.5916666666662,3168.7000000000003,42.82024552084098,46.32028968218851,7
858.7916666666667,1211.5799019550002,2093.133333333333,3049.8,41.079606263257496,45.705003662770345,7
827.0772222222222,1166.9931651400002,2030.122222222222,2974.1000000000004,41.098452935806776,46.49856877801559,8
862.3166666666667,1216.517797585,2111.3166666666666,3082.7999999999997,41.07552881791297,46.013151351052656,8
824.01875,1149.448393995,2033.0583333333334,2954.4,39.4929901771046,45.31801432160907,7
854.3564285714286,1207.04705329,2110.290476190476,3090.9,41.28143862723736,46.46798793215108,5
863.0554166666668,1215.1187202849999,2123.3416666666667,3074.7999999999997,40.79266485321285,44.80947876970654,7
887.9231944444446,1270.385336835,2160.5361111111106,3169.2999999999997,43.07378664996518,46.69044334418029,5
841.9599999999998,1183.88917383,2064.366666666667,3000.2,40.611094806166584,45.332708982577365,9
870.1475,1244.5016962500004,2128.45,3111.3999999999996,43.021924012882906,46.181493575136834,4
894.9925000000001,1271.57785569,2177.5833333333335,3192.4999999999995,42.076928654709384,46.607477708468835,7
840.9719047619047,1181.09110106,2060.459523809524,2980.6,40.44358609035691,44.657051767231756,6
769.9636507936507,1065.5885617099998,1920.679365079365,2775.9,38.39465806101751,44.52698615238656,6
877.8222222222224,1240.53213251,2147.5555555555557,3120.4,41.31929006873067,45.30008278145695,7
846.6477777777778,1185.82082475,2074.9777777777776,2990.9999999999995,40.0607024402119,44.14612204682244,6
850.9329166666668,1218.1842564449998,2077.241666666667,3075.7999999999997,43.15867121664013,48.071360658565624,6
873.1722222222221,1226.08650766,2147.5222222222224,3124.6,40.41748883623572,45.4979123227285,7
845.2678571428571,1202.5733928999998,2076.414285714286,3049.3,42.271279185380784,46.854123523381645,5
847.0122222222221,1194.10333359,2081.7222222222226,3032.4,40.97828841916226,45.66784980384829,9
891.6451785714286,1277.5480954999998,2179.482142857143,3200.0,43.27987479805085,46.82386871062095,6
880.5795833333334,1238.0784235149995,2156.6416666666664,3111.9,40.598129566937615,44.29379011348666,7
885.1930357142858,1264.7934823,2164.4964285714286,3178.9000000000005,42.88335213566209,46.86556919375838,6
847.3222222222222,1207.69847338,2080.4222222222224,3066.2,42.531193176149706,47.38354393873036,6
879.2062500000001,1254.5280022500003,2143.241666666667,3150.4,42.68870384508757,46.99228971690079,6
818.2204166666668,1137.1990475500002,2019.9916666666663,2893.0,38.98443798100451,43.218412617213794,6
855.3045833333333,1191.5942263500003,2107.8083333333334,3037.1000000000004,39.3181153906674,44.088053546930674,6
888.4418055555556,1265.59547585,2167.480555555556,3195.8999999999996,42.45113950469774,47.44768952175654,8
834.5498412698413,1193.2981641000001,2048.936507936508,3021.1,42.98704584070036,47.447223879209496,7
842.7561111111111,1183.7353074149999,2073.711111111111,3025.5,40.460008750851195,45.89785355294318,8
844.7305555555556,1173.8160615450001,2074.338888888889,3000.9,38.95745262499877,44.667779024642385,7
840.1572222222222,1175.57489125,2071.9555555555557,3007.1,39.92320248591038,45.13342199532377,6
805.4227777777779,1117.3540267550002,1986.2444444444443,2874.9,38.72888346141191,44.74049294592812,7
828.5238888888889,1160.322103185,2043.7888888888892,2972.6,40.046909780848544,45.445550475424156,8
824.0612500000001,1163.5734822900006,2037.4083333333335,2960.7999999999997,41.19987832093797,45.32187542179809,5
816.3727777777779,1131.0906248499998,2017.511111111111,2906.2,38.550752259146286,44.04877296559017,7
852.4472222222223,1199.387937565,2105.9222222222224,3076.3,40.69937777946498,46.078519307983306,7
881.5044444444444,1242.99078327,2159.0444444444447,3126.1000000000004,41.0078861319159,44.79090544170775,7
824.0284920634921,1158.7313497799998,2029.9634920634921,2932.6000000000004,40.61787437450872,44.465652287123795,7
886.2855555555556,1255.19111105,2168.7555555555555,3151.7,41.62378064067639,45.322970674426706,7
839.63875,1165.9121416499997,2066.925,2956.5000000000005,38.858782023816765,43.038571791429305,6
798.8750000000001,1116.5808929,1964.1999999999998,2837.2,39.769161996557635,44.445575806944305,6
786.1812500000002,1096.055357,1951.675,2833.9,39.41509759994908,45.203479062856275,6
889.9790277777778,1259.6033432399997,2167.652777777778,3146.5000000000005,41.53180062963403,45.1570118728015,6
835.7793055555555,1180.6742163300003,2057.780555555556,3010.0,41.26626592473329,46.274100601916,6
908.3972222222222,1273.78115066,2222.755555555556,3209.1,40.22292445412097,44.37485003599133,6
804.8372222222223,1110.3646322949999,1998.0222222222224,2887.8,37.961391650002355,44.532927005594416,6
859.0475,1225.23749895,2099.9500000000003,3086.2,42.62744480951285,46.96540393818898,6
836.4376785714286,1189.0455057,2061.8988095238096,3023.7999999999997,42.15589949639744,46.651231672146835,5
882.8372222222224,1237.4569538599999,2171.522222222222,3164.2999999999997,40.16818986688746,45.71805748143904,6
907.7355555555555,1300.4443055,2218.422222222222,3268.0000000000005,43.26246201781723,47.311903354736636,6
893.3266666666666,1257.03197448,2182.7000000000003,3148.9,40.71358455809372,44.266275713565754,8
847.74,1178.8087492,2085.8333333333335,2990.4,39.05309991270908,43.36715940870954,7
853.0254166666666,1200.3707346750002,2094.891666666667,3037.2,40.71922257201211,44.98124405796638,7
852.20125,1199.2162492999996,2098.475,3054.5000000000005,40.719841621917325,45.55808384660292,8
880.6294444444445,1242.3182843700001,2151.7444444444445,3128.7000000000007,41.07162691496549,45.402954708582726,6
880.3661111111111,1240.641547585,2152.9111111111115,3148.6,40.92336494179504,46.24849041607743,8
835.4811111111112,1165.0461114050001,2059.961111111111,2982.8,39.446134198725154,44.79885003222822,5
864.4077777777779,1214.592390725,2121.9444444444443,3091.0,40.511506484529534,45.66828118863726,8
846.3630555555555,1175.0410311000005,2087.0055555555555,3012.2000000000003,38.83415909839066,44.33119221851618,7
820.1119047619047,1154.191994535,2033.8761904761905,2976.0000000000005,40.73591516392944,46.32159095698107,5
857.818888888889,1203.492281735,2109.788888888889,3056.7000000000003,40.29678027885968,44.881794387010835,6
929.3717857142858,1334.50312463,2267.288095238095,3362.9,43.59195589355481,48.32257122784616,5
876.0233333333334,1222.9022909349999,2145.2333333333336,3115.6,39.59699980613147,45.23361872057427,6
900.5211111111112,1282.3888293,2191.3777777777777,3200.4999999999995,42.405193334970235,46.049669411430635,7
848.3549999999999,1182.2315780899999,2091.7,3027.5,39.35576239781695,44.738729263278685,7
842.7561111111111,1183.7353074149999,2073.711111111111,3025.5,40.460008750851195,45.89785355294318,8
866.5493452380953,1236.825714435,2123.2488095238095,3138.0000000000005,42.729980840867945,47.79238240589306,7
869.6927777777778,1209.2451094500002,2127.9777777777776,3056.8,39.04279078180228,43.648116626113485,6
858.2883333333334,1211.4733937849999,2103.6,3071.6,41.149931408248555,46.01635291880586,7
869.4292460317461,1255.4088890700002,2126.1948412698416,3158.7000000000003,44.39460080276166,48.56117316668441,6
873.6300000000001,1235.8607137800002,2139.9,3149.3,41.46271462518458,47.17042852469742,6
889.6832142857143,1268.7200877,2173.9690476190476,3199.3999999999996,42.60357701798354,47.16860865631984,6
806.6287500000001,1113.5439280500002,2001.4916666666666,2879.7000000000007,38.04912458798426,43.877691221963666,6
807.9275,1126.4062205,1995.0,2900.1,39.41922022706245,45.36842105263157,7
846.0683333333334,1188.6457635749998,2075.2999999999997,2992.2999999999997,40.49051557005834,44.18638269165904,8
870.7850000000001,1228.1923202899998,2151.3333333333335,3152.1000000000004,41.04426698783278,46.518438177874195,6
854.5672222222222,1199.4054379400004,2110.2722222222224,3079.4000000000005,40.35238033364522,45.92430149875347,7
859.3277777777778,1226.9237600800002,2107.011111111111,3111.0,42.77715579645591,47.649909561200445,7
762.9850000000001,1057.7933026050002,1893.9666666666667,2735.3,38.63880713316776,44.4217603266513,6
890.8780555555555,1274.49843235,2160.938888888889,3193.6,43.06093010173173,47.787612894600855,7
810.55125,1125.6043751999998,2006.375,2906.3,38.86899504503877,44.85328016945986,6
869.2166666666666,1204.1959820000002,2139.8,3081.3999999999996,38.53806860583287,44.00411253388164,7
882.6575,1251.5395549500004,2168.35,3176.2000000000003,41.792207617337446,46.48004242857474,7
884.8308531746031,1262.37411765,2160.5496031746034,3181.3,42.66841093083996,47.24494153365224,6
839.4568253968255,1190.47700453,2055.506349206349,2987.7,41.81515576661626,45.35104701348063,6
901.2385714285715,1258.9438393000003,2207.2428571428572,3182.7999999999997,39.690408201728744,44.197997501731294,5
874.803888888889,1223.6407637850002,2139.5555555555557,3084.7000000000003,39.876008706268784,44.17480265891152,5
828.7350000000001,1160.3575893000002,2032.0166666666667,2925.8999999999996,40.01551633513729,43.989960712264484,6
873.2455555555556,1241.63427553,2138.8555555555554,3130.1,42.18615458513005,46.3446183576887,7
858.6376388888889,1219.7452280650002,2105.813888888889,3068.2999999999997,42.05587698710703,45.70613368016851,8
894.3255555555554,1257.38207238,2195.822222222222,3198.3999999999996,40.59556551516787,45.65842205400153,6
857.25875,1225.2692860949999,2093.7250000000004,3070.6999999999994,42.928758218565854,46.662049696115716,8
849.307361111111,1181.2049504000001,2100.436111111111,3031.2000000000003,39.078619176770374,44.31288740301288,6
847.0122222222221,1194.10333359,2081.7222222222226,3032.4,40.97828841916226,45.66784980384829,9
789.5895238095238,1117.281696725,1944.0142857142857,2855.0,41.50158570170276,46.86106069179385,6
890.2411111111111,1244.9444147050003,2177.711111111111,3159.7999999999997,39.843509715158355,45.09729889690499,6
800.2781944444445,1128.5213492550001,1974.6694444444443,2878.3999999999996,41.01613127650229,45.766169021256715,6
827.4233333333334,1159.13244194,2043.3333333333335,2968.8,40.08940710801,45.29200652528548,6
788.6122817460317,1099.5082268999997,1954.0210317460317,2820.9,39.42316805739152,44.36385044839367,7
822.8806944444444,1142.9342657500001,2031.8194444444446,2934.5,38.89428606921385,44.42720331394275,7
868.1594444444444,1223.09718229,2117.3944444444446,3064.3,40.88393441053777,44.72031926030682,7
782.1725,1094.75223295,1942.65,2831.2000000000007,39.96301748655188,45.739067768254735,5
847.2609523809524,1189.3934222000003,2079.7809523809524,3000.1,40.381002907970135,44.25076816697729,5
800.4904761904762,1118.5589287800003,1979.6690476190477,2873.5,39.734195727500435,45.150524197767545,5
896.7587500000001,1276.0266073000003,2180.125,3180.3,42.293187247963864,45.87695659652544,7
846.7716666666668,1196.6611011199996,2069.8666666666663,3036.6999999999994,41.320399374093306,46.70993300695696,8
899.6592857142858,1301.19187478,2179.171428571429,3229.0,44.63162837772711,48.17558442920637,6
854.7766666666666,1197.8704265000001,2103.4333333333334,3041.7000000000003,40.1384096235664,44.60643709490833,8
856.6341666666666,1205.855416935,2103.8833333333337,3069.7999999999997,40.76667308604121,45.911132588150444,7
806.0198412698413,1144.1593947750002,1976.6269841269843,2906.6000000000004,41.95176547669572,47.048483266748306,5
760.6083333333333,1060.5303271700002,1887.7666666666667,2729.9,39.43185746102355,44.610033019617546,7
869.6027777777778,1229.9631743849995,2120.8777777777777,3107.7,41.439655646926866,46.528952896861355,8
860.156111111111,1195.1738793,2116.6111111111113,3053.7999999999997,38.94848433456201,44.277802566996485,6
818.4163888888888,1140.7704960049998,2020.838888888889,2933.9,39.38754300286561,45.182281285824644,6
814.2630952380953,1146.5814878000003,2003.0428571428572,2913.5,40.812164336728685,45.453702581073074,7
878.4870833333333,1255.49639859,2145.4916666666672,3145.6,42.915749407053504,46.614412391875945,7
862.7705555555555,1223.09466153,2111.022222222222,3086.5,41.76360721332504,46.20878773843111,6
809.2524999999999,1124.8575883500005,2012.0500000000002,2909.0,38.99958150886164,44.5789120548694,6
852.8507936507938,1195.1159596799996,2099.850793650794,3052.3,40.13189277388994,45.35794682313028,8
898.5361111111112,1269.51828337,2192.344444444444,3209.1,41.287397097501184,46.37754610741421,6
913.6258333333334,1297.51672575,2234.583333333333,3289.6000000000004,42.01839291431302,47.21312698116729,6
825.5949999999999,1151.1672318500002,2043.8999999999999,2945.2000000000003,39.4348599313223,44.09706932824505,5
868.9864285714285,1224.8606259499998,2138.0714285714284,3117.5999999999995,40.95279116885763,45.81365048608558,6
800.7580952380953,1126.2456844350002,1961.2380952380952,2827.9,40.64743037035739,44.189530422959265,5
838.52,1199.3620537500003,2048.866666666667,3004.2999999999997,43.033207764871484,46.632284515016416,7
841.0911111111111,1183.7901304949999,2063.311111111111,3003.1,40.7445774728461,45.54760955960753,9
841.02,1165.9672333000003,2076.1333333333337,2969.5,38.63727774607029,43.03031276090165,6
867.435138888889,1235.5258237799999,2120.9305555555557,3119.2999999999997,42.43437559638221,47.072236374232986,8
770.0380357142857,1074.74071395,1917.3392857142858,2760.7,39.569821762515,43.985992493317546,6
916.5428571428571,1317.369821985,2228.347619047619,3293.2999999999997,43.73248470798655,47.79112432231442,7
834.1277777777777,1163.5796529499999,2040.2611111111112,2929.7,39.49657162238665,43.59436564492016,7
921.1433333333333,1340.7055952350001,2236.0333333333338,3331.1,45.5479887569072,48.97362889640878,7
806.625873015873,1140.5360067350002,1992.6444444444446,2917.7000000000003,41.39591164745052,46.42351314278067,7
793.3023611111112,1110.0046330499997,1956.1861111111111,2838.2999999999997,39.922013026068726,45.09355648107782,6
885.7500000000001,1276.4478574149998,2158.666666666667,3194.5000000000005,44.109269818233095,47.98486720197653,6
910.5966666666666,1282.1013394899996,2220.4666666666662,3233.5,40.797939024229514,45.622541808028366,6
805.3033333333333,1117.1357335599998,1993.8333333333335,2891.2000000000003,38.72235309593485,45.007105241160254,7
779.2147222222223,1087.2824792399997,1932.0055555555555,2794.8,39.53566946723066,44.65796912247205,7
863.4022222222222,1236.5845881399998,2101.722222222222,3085.9,43.222307785736504,46.82720520208296,6
812.6422222222222,1128.2077488300001,2002.7555555555552,2894.1,38.83203677810928,44.50590297811905,7
886.9462500000001,1269.7579470499998,2151.8250000000003,3176.3999999999996,43.16064215277979,47.614234428914955,6
868.3859722222222,1239.891666635,2122.5138888888887,3133.4,42.78117177112905,47.62683139097377,8
766.0721428571428,1060.66473333,1906.1857142857143,2743.9000000000005,38.4549409895189,43.947149505744484,7
826.3304166666668,1159.6100598450003,2044.5916666666667,2978.9,40.332491271802596,45.69657348044231,7
820.7638888888889,1144.72692436,2030.5388888888888,2944.7000000000003,39.47091725851596,45.0206157642881,8
870.734761904762,1225.7797611149997,2133.9380952380952,3104.3,40.775333057056855,45.47282355225194,7
799.746765873016,1121.32068178,1984.998015873016,2883.5,40.20946750012162,45.26462882794453,7
817.1325,1133.04035695,2017.95,2909.7999999999997,38.660542439567614,44.19584231522088,5
819.6825,1169.85791685,2014.2833333333335,2962.3,42.72086043681548,47.06471284245016,7
886.5470833333334,1263.5853867,2160.025,3193.3,42.52885272026819,47.8362518952327,7
847.1150000000001,1177.203125,2085.9000000000005,3029.2,38.966152765563095,45.22268565127758,6
855.0786111111111,1202.0766481050005,2095.7361111111113,3018.8,40.58083461390658,44.04485297528712,6
829.2338888888888,1167.7366872700002,2041.388888888889,2970.6,40.821148642957624,45.518573955640214,8
825.2388888888889,1149.164920815,2025.238888888889,2910.0000000000005,39.25239543209709,43.68675300307509,7
847.7701388888889,1194.088442125,2081.463888888889,3015.9000000000005,40.85049559424274,44.893217513849116,8
845.2383333333333,1199.013749735,2065.1,3010.4,41.8551078967865,45.77502300130745,6
800.7387500000001,1114.60544655,1977.825,2869.7999999999997,39.19714095889574,45.09878275378255,5
859.5247222222223,1198.1318651000001,2113.1222222222223,3043.0,39.394695012650736,44.0049216272919,7
801.475,1106.41508941,1988.6,2872.5000000000005,38.04736135375402,44.448355627074356,6
849.6125,1201.9433026500003,2091.616666666667,3070.9,41.46958791802149,46.81944588316852,5
801.3980952380953,1122.2950295849998,1971.9238095238095,2864.9,40.042138389605995,45.284517898885305,6
847.1927777777779,1195.2763496549996,2080.777777777778,3028.5,41.086701988921526,45.546537085491536,6
847.6309722222222,1199.9277572599997,2090.697222222222,3074.0,41.562519136619784,47.032289866086685,6
814.1356944444444,1139.53667642,2015.9694444444447,2928.7000000000003,39.96888776601362,45.275019324863,7
803.5075,1124.7969048,1989.5833333333337,2892.6000000000004,39.98586258373443,45.387225130890045,7
891.4927777777777,1258.5883132899996,2182.3444444444444,3168.2000000000003,41.17762304561572,45.17415012397474,5
858.996388888889,1212.3274594450004,2108.347222222222,3075.8999999999996,41.13301000172361,45.891529041310655,6
872.205,1211.8219640500004,2138.7000000000003,3068.7,38.93774560453108,43.48435965773598,5
873.553888888889,1236.1041565950002,2121.988888888889,3118.1,41.50290809960843,46.9423339738924,5
855.7422222222223,1208.040570695,2093.472222222222,3062.6000000000004,41.16874677025013,46.29284150467726,8
817.9205555555556,1133.9840728000004,2021.088888888889,2885.2000000000003,38.642324746290946,42.754730673234455,8
804.0993253968254,1153.3325000000002,1989.9146825396829,2945.0,43.43159651711275,47.99629480804491,5
758.8446825396826,1073.392421375,1881.4063492063492,2745.2,41.450872105026384,45.91212584979489,6
813.5724999999999,1139.37008959,1999.2833333333338,2884.6000000000004,40.045305069923096,44.28170094283784,6
829.8178571428571,1171.2707937750001,2047.1428571428573,2998.1000000000004,41.14793791107346,46.452896022330776,7
899.6592857142858,1301.19187478,2179.171428571429,3229.0,44.63162837772711,48.17558442920637,6
858.2225000000001,1221.8203569000002,2108.016666666667,3060.4999999999995,42.36638597799523,45.18386160767226,4
832.9547222222221,1164.26645825,2046.3055555555554,2973.5,39.77547964958747,45.310654702919905,7
774.6677777777777,1072.14402695,1927.977777777778,2790.2999999999997,38.40049343804728,44.72677186228514,6
828.0572222222222,1157.208025795,2037.3888888888891,2926.2000000000003,39.749765443679074,43.6250102255065,7
856.5266666666668,1202.1833628200002,2115.733333333333,3092.0999999999995,40.35562576218682,46.14790773884546,6
850.7977777777779,1194.2150982550002,2093.477777777778,3041.0000000000005,40.36415343892921,45.260677341797006,7
814.8205555555555,1127.2572525300002,2009.0888888888887,2894.1000000000004,38.344233567036255,44.05037109137368,7
874.3281944444445,1244.0472120100003,2134.269444444444,3104.4,42.286068311050904,45.45492407628426,6
847.8527777777779,1194.55532802,2082.8777777777777,3028.8999999999996,40.891833975107026,45.41899828762555,8
841.8805555555556,1182.243144455,2062.7722222222224,2999.0000000000005,40.42884547616612,45.38687149709535,8
925.3607142857144,1332.5316064849997,2246.1571428571424,3305.1999999999994,44.00131601800065,47.1490990962342,5
857.51375,1193.694403185,2110.4583333333335,3057.1000000000004,39.20411225884135,44.85479062604885,7
872.3294444444446,1217.6987097,2130.161111111111,3060.6000000000004,39.59160927733087,43.67927308576036,7
878.11875,1228.916875,2175.925,3183.4,39.94882525854276,46.30099842595676,5
892.7144444444446,1255.47442605,2184.6777777777784,3156.2,40.63561241369951,44.46981756780807,7
816.5709722222223,1155.96561989,2007.1305555555557,2943.6000000000004,41.56339855483064,46.657126605560464,8
826.0247222222223,1159.2421421350002,2038.0722222222223,2961.2999999999997,40.33988462431681,45.29907074495777,8
861.2005555555555,1204.0057541,2105.9555555555557,3029.4,39.80550132405603,43.84918959986493,6
838.5427777777778,1175.3939970500003,2060.8777777777777,2994.2999999999997,40.17102385222515,45.29245898457506,7
840.885,1174.87624945,2051.0,2903.7,39.719016209113015,41.57484154071184,5
875.661111111111,1233.145575055,2145.6111111111113,3108.5,40.82452211338737,44.87713938012997,6
886.8900793650794,1249.5195426900002,2164.4650793650794,3129.0999999999995,40.88775731762899,44.56689691283374,6
815.34,1131.3182129299998,2013.966666666667,2914.6000000000004,38.75416549292318,44.719376355120076,7
827.7450000000001,1165.79928423,2028.9666666666667,2951.0000000000005,40.84038976133952,45.44349340386734,7
825.8844444444445,1146.63091266,2036.3444444444447,2942.4,38.83672472258694,44.4942189435317,8
849.5280555555556,1190.4356451299998,2089.6055555555554,3036.3,40.129056050009424,45.30493527486583,7
860.3327777777779,1197.13118049,2109.677777777778,3025.6000000000004,39.14745682271521,43.415266154389045,7
817.5556944444445,1156.1513207200003,2017.4694444444444,2962.5,41.41560368014346,46.84237266432508,6
867.6912500000001,1226.85366084,2120.275,3105.0000000000005,41.39288149327308,46.44326797231492,7
838.8868055555556,1196.71192457,2058.963888888889,3026.9,42.65475587942685,47.01083473753654,7
845.1287500000001,1204.6418750000003,2070.225,3054.7999999999997,42.539450350020644,47.558840222681106,6
817.2169444444445,1159.6270637549999,2003.2944444444445,2940.7,41.89953740415044,46.79319898056811,7
854.3731944444444,1204.7598018449999,2096.769444444444,3053.0,41.010955128150314,45.60494517359379,9
805.8222222222221,1124.71302616,1997.5222222222224,2877.2,39.57334448513598,44.0384476323445,7
794.585,1111.93642828,1952.1999999999998,2835.5,39.939267451562756,45.24638868968344,5
794.698888888889,1108.4678870900002,1966.6222222222223,2851.0999999999995,39.4827528499264,44.974462699722,7
854.9833333333332,1208.43834483,2091.7999999999997,3050.4,41.34057328563912,45.826560856678476,7
815.2454166666668,1142.4690773850002,2015.2416666666668,2936.3,40.13805585761752,45.704609455441656,7
847.6827777777779,1195.1285014950001,2084.777777777778,3048.6000000000004,40.987705876018865,46.23141288706498,8
853.1650000000001,1188.9272319500003,2088.3,3022.8,39.354899925571274,44.74931762677776,6
856.0150000000001,1192.6583938000003,2101.233333333333,3022.0000000000005,39.32681013767285,43.82029601662519,6
835.6436111111112,1177.3846820549998,2062.061111111111,3008.6,40.895552410134925,45.902562430793346,6
745.0816666666667,1029.709434465,1864.466666666667,2690.5999999999995,38.20088193441881,44.30936460828829,5
895.4562500000001,1274.6191074,2192.8083333333334,3215.9,42.34297961514032,46.656684540752536,7
905.60125,1288.9673508499998,2210.125,3249.9999999999995,42.33277072552624,47.05050619308861,7
873.7787500000001,1243.6790199499999,2140.758333333333,3152.5,42.333401899508296,47.260900537582096,6
881.1328571428572,1235.0137502,2159.4142857142856,3115.0,40.162035746190355,44.252078936748724,5
897.28125,1285.2074105499998,2183.525,3229.9,43.23350794970917,47.92136568163863,6
928.0759722222223,1320.1352472500002,2256.2805555555556,3289.0999999999995,42.244308306895995,45.77531113767617,6
865.715,1215.6558928400004,2138.8333333333335,3129.9,40.42218199291919,46.33678796851866,5
888.2736111111111,1269.6404860499997,2157.061111111111,3167.6000000000004,42.93349145674268,46.847948984085875,5
823.7258333333333,1156.4029764149998,2031.283333333333,2956.5,40.386877480270016,45.54838074452113,8
846.3000000000001,1176.8474109500003,2088.4,3018.8999999999996,39.05794764858799,44.55564068186169,8
823.4794444444445,1154.92444323,2028.6444444444444,2952.9000000000005,40.249334822092955,45.56025369978862,8
862.5942857142857,1206.6566068500001,2112.9380952380952,3045.0999999999995,39.88692330031005,44.11685826776974,7
880.09375,1262.32764914,2140.5583333333334,3182.6000000000004,43.43104347008485,48.68083482891926,6
839.6755555555555,1178.5675197300002,2063.9555555555553,3008.1999999999994,40.35987018226619,45.749262473352125,9
844.4655555555555,1200.3616265150004,2075.522222222222,3025.9999999999995,42.14453373711715,45.79463267611364,7
919.9678571428573,1310.6849117000002,2230.742857142857,3231.3999999999996,42.47072889813697,44.85757467083356,4
814.7829166666667,1137.964078085,2012.7083333333335,2919.6,39.6646953203793,45.058275540834266,7
785.3435714285714,1092.8777659150003,1947.5857142857144,2813.6,39.159191680529304,44.466042206101314,5
848.7127777777779,1198.8925485499997,2076.744444444444,3032.5999999999995,41.260103528677035,46.02663356642608,7
830.0400000000001,1158.2997318500002,2052.8,2994.6,39.5474593814756,45.87879968823069,6
856.8404166666667,1215.531310885,2084.925,3032.9,41.86204189733892,45.46806240032614,6
805.3176388888888,1131.3542458450002,1996.3472222222224,2905.6,40.48546700230605,45.54582327445263,6
850.55375,1204.9786015,2087.741666666667,3037.9,41.66989464216693,45.51129809323471,6
830.9187896825397,1169.3300393050001,2049.95753968254,2991.2,40.72735552793958,45.91521736900084,6
894.6305555555555,1258.2336755899998,2185.4555555555553,3148.1,40.642823764123605,44.04777036061641,7
851.03,1208.38954367,2067.6,2987.0,41.991415539992715,44.46701489649836,7
825.8712499999999,1160.2636605,2047.375,2976.9,40.48965386553898,45.4008181207644,6
876.7065277777778,1238.2945686350001,2142.736111111111,3117.1000000000004,41.243908811053764,45.47288319062469,7
815.2926984126984,1143.33359174,2009.4079365079365,2904.1999999999994,40.235966048263116,44.530134833999085,6
861.1055555555556,1209.387570285,2110.155555555555,3072.3999999999996,40.4459142648017,45.6006402898154,6
850.4072222222222,1201.6682033600002,2076.688888888889,3030.9999999999995,41.30503269009033,45.95349434462978,6
898.6012499999999,1282.89991104,2189.075,3223.3999999999996,42.76631721133263,47.24940899695076,6
785.7679166666668,1097.1003885999999,1946.9972222222225,2821.000000000001,39.62142832886933,44.88978041685276,5
792.4706944444445,1117.8044447099999,1957.8861111111112,2860.0,41.05309540734856,46.075912371477735,6
839.817638888889,1201.59647779,2056.6805555555557,3028.0,43.078261535416004,47.227530878370615,6
850.4866666666667,1205.2753864350002,2077.7166666666662,3045.4,41.71596494967589,46.57436448665606,8
867.15125,1213.7624996400002,2122.508333333333,3056.5,39.971256414610515,44.004146037903276,6
830.3427777777777,1155.4173309500002,2055.477777777778,2974.7000000000003,39.14944067343009,44.72061105014784,6
868.46,1213.6476790899999,2133.35,3087.0000000000005,39.74710166156183,44.70199451566788,6
884.095,1232.4058926999999,2160.2999999999997,3120.5,39.39745080562607,44.447530435587666,5
841.196111111111,1190.610306505,2052.6444444444446,2973.2,41.53778064099204,44.847297253407504,6
901.7150000000001,1268.5925300500003,2197.3,3207.5000000000005,40.68663935389786,45.97460519728759,5
831.1827777777778,1157.77739147,2042.4777777777776,2929.6,39.29275514651478,43.433629088851774,6
876.4322222222221,1231.4446327600003,2143.0888888888885,3118.7999999999997,40.50654477737399,45.52826138802768,8
832.1977976190476,1179.0829762,2057.7440476190477,3018.7000000000003,41.68302049986258,46.69948886465472,5
878.4565079365079,1253.1588186299998,2141.236507936508,3130.4,42.65462288778151,46.195900751605464,6
840.6005555555554,1186.27499767,2066.2555555555555,2987.8,41.122319017025546,44.59973220479344,7
906.2157936507937,1308.2028470950002,2208.1650793650792,3266.6,44.35886642680942,47.93278050295297,6
863.0006944444445,1228.71504014,2110.8194444444443,3109.5,42.37706273585138,47.31245764217425,8
860.8353571428572,1232.4849106000001,2106.1642857142856,3114.2,43.17312833091113,47.86121012131057,6
843.5831944444445,1174.1972617999998,2079.6694444444447,3010.2,39.19163747367994,44.744156723624585,6
866.6683333333334,1220.08677553,2124.1333333333337,3102.8000000000006,40.77897260159114,46.073692800200874,8
848.0127777777778,1181.63421854,2085.811111111111,3021.1000000000004,39.34155822940296,44.84053632213422,8
910.6881944444444,1280.7577481199999,2229.3194444444443,3227.4999999999995,40.63625244437394,44.775124446299614,6
821.42375,1144.70339317,2032.8749999999998,2946.1,39.356013649471414,44.92283096599645,7
815.4219444444444,1152.834017785,2002.7944444444447,2933.4,41.37883161464804,46.46535535071828,8
873.049126984127,1229.0498113300002,2148.2841269841274,3122.8999999999996,40.77670698505213,45.36717749639981,6
806.9469444444445,1126.5893353000004,1980.5944444444444,2840.6,39.61132674907379,43.42158779491005,6
837.3277777777778,1186.1677482050004,2049.1444444444446,3000.2,41.661100907583034,46.41232384247082,7
828.4398611111111,1165.0635318299999,2035.9361111111111,2965.6,40.63344685846067,45.66272408133304,8
829.6845238095239,1153.39622115,2050.3809523809523,2972.3999999999996,39.01623907050154,44.96818245157693,7
877.5569444444445,1253.449801645,2136.894444444444,3155.5,42.83401317489683,47.66756534014837,7
831.6100000000001,1188.4980355899997,2037.1333333333334,2986.0,42.9153131383701,46.578525378800265,7
809.4183333333333,1131.921368015,1996.7333333333333,2865.2999999999993,39.84380157952935,43.499382324463255,6
817.8573611111111,1157.84290686,2009.702777777778,2922.9,41.570273976258775,45.43941682918838,8
791.2771428571428,1119.881071455,1951.419047619048,2866.9000000000005,41.528297836499405,46.91360133529203,7
886.1706944444444,1257.70614078,2173.0527777777775,3189.5,41.92594594526481,46.77508216167989,7
963.8110714285715,1428.1922320500003,2327.9785714285717,3545.1000000000004,48.18176242083605,52.28232955016154,5
845.202361111111,1184.3117359999997,2078.286111111111,3035.4999999999995,40.12167860523866,46.057849483348306,6
855.4666666666667,1211.3861704800001,2079.3333333333335,3031.0,41.60530359413966,45.76787431869188,6
833.6061111111111,1169.3918244750005,2061.7444444444445,2996.2000000000003,40.281100256849314,45.323539397597514,8
868.0245833333333,1222.9529760149999,2132.4083333333333,3118.3,40.88920976393236,46.233718526392316,8
797.1600000000001,1107.0799107000003,1975.9,2870.3999999999996,38.878005757940706,45.27050964117615,5
821.7877777777777,1158.14524774,2024.3777777777775,2944.3,40.92996745118031,45.44222092933908,7
846.1913888888889,1193.210138195,2072.138888888889,3030.2000000000003,41.00948719908057,46.23537139563253,6
818.0756944444445,1147.12884922,2022.5527777777777,2940.0,40.222824979418995,45.36085447571071,7
864.7199999999999,1231.2366073499998,2120.8333333333335,3116.0000000000005,42.38558230988064,46.92337917485266,7
867.0100000000001,1224.2159818850002,2122.516666666667,3115.2000000000007,41.19975339211775,46.7691655346248,7
844.5023611111111,1180.481736045,2074.9861111111113,3016.3,39.7843026148371,45.36482841250611,7
820.0226785714285,1172.9238988500001,2017.0130952380953,2968.7,43.03554395512147,47.18298096371874,6
875.541111111111,1237.86960227,2133.9444444444443,3121.7,41.3833784114459,46.2877821457395,7
849.5855555555556,1194.4825209900002,2081.3555555555554,3005.9999999999995,40.59590740204048,44.425107568785286,8
869.1721825396825,1253.876290025,2129.1789682539684,3152.2,44.26097788371795,48.04767692144541,6
833.96625,1174.0178573,2047.975,2959.2,40.775224093301155,44.493951342179464,5
853.2355555555555,1212.4934570100002,2083.888888888889,3072.6,42.10535989918118,47.44548120501198,7
820.032361111111,1140.7187895999998,2032.7361111111113,2926.6000000000004,39.106557703938854,43.97343482033658,6
820.7311111111111,1148.938967755,2024.711111111111,2949.7999999999997,39.98969360373814,45.6899200983405,8
830.8758333333334,1178.2213686650002,2039.6833333333332,2988.7999999999997,41.80474643704286,46.53254998733463,6
844.3533333333334,1174.6216964,2081.233333333333,3026.3,39.1149475022305,45.408972244021996,7
820.0863888888888,1145.32683529,2019.6055555555556,2896.0000000000005,39.6592908756564,43.394337178051835,7
839.26,1169.60330479,2065.5,2965.0,39.36125929866788,43.54877753570564,6
843.3212500000001,1204.09746925,2069.075,3038.6000000000004,42.78040180417602,46.857895436366526,7
856.2316666666667,1187.24455355,2109.9666666666667,3023.9000000000005,38.65926708503735,43.315060269514554,7
917.5457142857142,1321.60732182,2230.195238095238,3322.2000000000003,44.037218118209765,48.96453652360141,6
840.4288888888889,1170.5401882999997,2069.488888888889,2982.2000000000003,39.278909111220955,44.10321389070839,5
858.76,1206.95508895,2128.5,3129.1000000000004,40.54626309446177,47.00963119567772,5
799.6373412698413,1143.1355655849998,1978.001984126984,2918.1000000000004,42.956751340510934,47.52765787987519,6
777.6737500000002,1082.26544645,1935.9249999999997,2810.2999999999997,39.16702813358425,45.16574764001705,5
854.1425,1202.571874965,2094.9,3050.3,40.79288584340434,45.605995512912315,9
863.5572222222223,1215.0203461600004,2108.6222222222223,3038.8,40.699459733930034,44.113059607115765,8
836.7268253968255,1181.2317462149997,2050.3968253968255,2973.5,41.17292649901472,45.02070834139732,6
830.5316666666665,1153.69819637,2047.6333333333332,2953.0,38.910801679646994,44.21527291670059,8
863.478888888889,1212.9035120699998,2115.9555555555557,3046.0,40.4670719432116,43.953874267470425,7
838.7575000000002,1195.712143,2059.0833333333335,3031.7000000000003,42.55755006661636,47.235420292201226,7
946.6292857142857,1359.0458038300003,2298.4714285714285,3410.1000000000004,43.566845473676935,48.363819432790756,5
825.7694444444444,1161.2413089600002,2028.2444444444443,2951.2999999999997,40.625366653188806,45.51007439383813,8
765.5778571428572,1064.50599485,1900.7285714285715,2726.2999999999997,39.046079365819836,43.43447249550922,6
832.01,1159.2774106499999,2055.7,2991.0,39.33455254744533,45.497883932480434,6
834.87125,1189.02568455,2052.975,3028.8999999999996,42.420245582776985,47.537110778260804,7
858.7027777777779,1205.4415279000002,2109.777777777778,3059.1000000000004,40.37936747095911,44.99631346113336,7
874.7750000000001,1221.9525890500004,2138.0,3044.1,39.6876441427796,42.38072965388213,5
803.281388888889,1128.0300496800003,1991.8388888888892,2878.8999999999996,40.42775860154168,44.53478220851192,5
809.7036111111113,1150.886378855,1994.5611111111111,2934.3,42.13674770150803,47.11507126324088,5
837.4838888888889,1170.1331746349997,2062.0555555555557,2990.4,39.720081802104275,45.0203410836005,7
855.0638888888889,1223.89260934,2095.6222222222223,3089.9999999999995,43.13463885492637,47.4502401832391,6
875.6993055555555,1249.370823385,2139.247222222222,3163.9,42.67121321883226,47.897819715917755,7
840.4580158730159,1175.799802895,2057.7396825396822,2962.3,39.89988562053891,43.95892858244833,6
853.5978571428573,1190.1848218999996,2104.7142857142853,3023.0,39.43156158846958,43.62994637887738,7
911.0500000000001,1297.3093749,2219.25,3237.8999999999996,42.397165347675745,45.900642108820534,6
839.6194444444445,1179.0396231900002,2065.911111111111,2998.4,40.425478589307986,45.13693178151153,6
867.29,1203.596963,2129.3666666666663,3056.2000000000003,38.776760137900816,43.526244110142336,5
806.2352380952383,1128.820743235,2002.4952380952384,2907.9,40.01133786981109,45.21382846163356,6
860.5711111111111,1223.0067060000001,2111.111111111111,3108.8999999999996,42.11570551339293,47.263684210526314,6
895.00125,1275.80785605,2177.675,3210.8,42.548164714853755,47.44165222083185,6
772.978888888889,1076.973689395,1921.7888888888888,2776.1,39.327697674005755,44.45395204699325,7
811.1107142857144,1141.620446725,2001.1285714285714,2916.2000000000003,40.747795167561215,45.72776790239795,7
896.8693055555556,1278.8343060600002,2190.8805555555555,3203.6,42.588702516454255,46.22431112807255,4
863.1544444444446,1221.219901425,2109.9944444444445,3087.3,41.48335900778666,46.3179207949468,8
809.7605555555556,1139.27100193,1995.3055555555554,2899.1000000000004,40.69233109883648,45.296042098815306,6
863.2270833333333,1224.26645954,2122.758333333333,3109.3999999999996,41.824380070713325,46.479227106241474,7
899.0779166666666,1277.5257129999998,2192.697222222222,3181.9,42.09288086358847,45.11351443111035,4
826.8589285714286,1176.3207737500002,2044.7214285714285,3004.3999999999996,42.263780809906706,46.93444094724743,6
804.6084722222222,1120.8319934499998,1988.5638888888889,2872.9,39.301540083763975,44.47109374017822,7
840.6507142857145,1177.8933035900002,2047.9190476190477,2977.4,40.116850384268645,45.38660614840151,5
864.3719444444444,1229.5701582600002,2114.527777777778,3094.5,42.25012347552289,46.34473155288152,7
810.7175,1124.89303035,2003.2499999999998,2867.7,38.75277520838022,43.152377386746544,6
840.5977777777778,1171.0147510000002,2069.411111111111,2973.1,39.30738124192045,43.66889131100098,7
885.6608333333335,1256.1046428650002,2170.1833333333334,3181.0,41.82682530257538,46.577478093248644,7
878.6227777777779,1229.0659921,2169.644444444444,3163.0999999999995,39.885514373821124,45.78886453489562,6
855.0401388888888,1217.4695729450004,2094.9972222222223,3077.2999999999997,42.3874175693182,46.888022922332155,9
813.2787500000002,1137.6243748500003,1995.5250000000003,2876.7000000000007,39.88123688833627,44.157552523771955,6
817.8495238095238,1162.9337204350002,2009.297619047619,2933.2000000000003,42.19409397196715,45.98136046118937,6
849.3811111111112,1202.2021031100003,2069.5111111111114,3010.0,41.53859644198457,45.44497895369812,8
824.1849801587302,1154.74324428,2031.4337301587302,2941.0,40.10729048442588,44.77459718906011,7
873.95,1226.8877974599998,2143.0,3095.1,40.384209332341634,44.42837144190386,8
853.64126984127,1193.26118025,2103.284126984127,3026.4999999999995,39.78485136641539,43.89401608520007,6
886.3578571428573,1273.716368935,2178.6142857142854,3218.5,43.70227089098967,47.73152003567145,4
806.2211111111111,1120.6038802100002,1998.4111111111113,2868.9,38.994608894031025,43.559049689475515,6
808.4266666666667,1124.9668465500001,1996.8666666666668,2863.6,39.155088882520786,43.404667312122314,6
814.6733333333334,1136.482728,2001.5333333333333,2893.2,39.50164826801743,44.54917896279519,8
842.9147222222223,1195.1335615600003,2071.938888888889,3010.0,41.78582127610777,45.27455496596049,7
810.5999999999999,1129.2946430000002,1999.2666666666667,2891.9,39.31589476930672,44.64803761379173,7
849.6166666666668,1202.7919356350003,2067.7666666666664,2982.7999999999997,41.5687783472939,44.25225283316944,6
838.9070833333334,1175.8079766600001,2069.5916666666667,3011.6,40.15950038090234,45.516627676151884,6
869.1972222222223,1226.6327479500003,2124.988888888889,3081.3,41.12248826727091,45.00311112737844,8
816.8494444444444,1127.3701303399998,2023.7111111111112,2911.5999999999995,38.014433137889526,43.874290357648725,7
860.1833333333334,1221.810595185,2111.6666666666665,3098.7,42.04071944178566,46.74191002367798,7
856.8887500000001,1193.6959832500002,2114.1583333333333,3042.7,39.30582975327894,43.92015735182243,6
846.58,1181.86116094,2089.233333333333,3043.9999999999995,39.604191091214055,45.699379357659105,6
848.4422222222223,1195.1757440999997,2078.272222222222,3027.7,40.86707530533077,45.683513816230914,9
864.2298611111111,1232.2631942000003,2117.086111111111,3113.6,42.585121117629654,47.07006879214223,8
907.1942857142857,1309.4126341800002,2193.971428571429,3237.4,44.336516973211,47.55889515425384,6
805.6897222222221,1142.4266073699998,1975.3222222222223,2889.6,41.794859219378274,46.284994290664244,6
850.19,1182.7374097000002,2085.8,3021.7,39.11448143356192,44.87007383258221,5
915.6894444444446,1284.5180157700001,2238.3944444444446,3246.0,40.27878376924248,45.014655842109036,6
854.6899999999999,1191.7853572999998,2096.25,3005.8,39.440657700452775,43.389385807990465,5
909.2011904761905,1319.790924115,2210.142857142857,3294.7999999999997,45.15939243587712,49.076336371275296,5
839.9022222222222,1184.097719075,2073.7793650793647,3029.4,40.9804245953894,46.081114076668584,6
853.1322222222223,1215.83195472,2089.3888888888887,3067.6,42.513894452729105,46.81804887128082,8
842.1418055555555,1191.6469843850002,2061.347222222222,2999.5000000000005,41.501939046818656,45.511632764440755,8
821.5711111111112,1149.8118155299999,2016.3111111111114,2905.3,39.95280505603082,44.08986708400378,7
854.5183333333333,1214.7088692649997,2079.5666666666666,3003.4,42.15129411286278,44.42431916905766,5
846.3144444444445,1191.5506743399997,2070.777777777778,2995.6000000000004,40.792902940724645,44.66062134463702,8
882.7974999999999,1261.85803585,2152.483333333333,3194.8,42.938560185093436,48.4239134642932,5
844.7194444444447,1192.1864981199997,2071.2444444444445,3003.4,41.13401863314242,45.004613436903206,6
826.8594444444444,1179.1955455000002,2034.5111111111112,2972.1000000000004,42.611365622398566,46.084235360938486,6
874.7312499999999,1217.44464295,2147.908333333333,3077.7999999999997,39.179278544124266,43.292893473883524,7
789.04625,1097.51616065,1953.9750000000001,2828.2000000000003,39.0940215038092,44.74084878260981,5
832.683888888889,1155.34701343,2042.4388888888889,2925.4,38.74977393542033,43.2307236174617,6
860.1964285714286,1202.6136616499998,2116.207142857143,3065.3,39.806865235099934,44.84876919286189,7
817.2151388888888,1134.569781245,2029.9638888888887,2929.2,38.83367148430419,44.29813338223039,6
893.2833333333334,1261.43121088,2172.4666666666662,3153.2999999999993,41.212889999067094,45.14837205020406,7
791.4926984126985,1115.3866968700002,1955.9412698412698,2849.3,40.921918686913465,45.67410811016985,7
873.6913888888889,1239.2255053499998,2135.688888888889,3135.8,41.83789849708562,46.8285018625268,7
829.585,1158.5455379999999,2037.4333333333332,2958.8999999999996,39.65362657232228,45.2268376879407,6
797.1772222222222,1111.759810815,1973.7555555555557,2864.1000000000004,39.462064372065605,45.109154572782856,6
828.6068253968255,1169.19358261,2040.563492063492,2974.6999999999994,41.1035423284216,45.778360319083944,7
817.9260317460318,1153.4221028499999,2018.5603174603175,2923.2,41.01789869528698,44.816083756063755,5
859.0683333333335,1202.561636965,2099.9833333333336,3047.6000000000004,39.984398249072115,45.124961309216744,6
840.6538888888889,1182.9043945750002,2065.588888888889,3015.3,40.71241568137768,45.97774108002561,8
780.0953571428571,1086.577261645,1937.7309523809524,2784.0999999999995,39.28774882402197,43.678357234222126,6
833.7961111111111,1172.9234224699999,2045.161111111111,2980.5,40.672690462296586,45.73423989960041,8
856.2419444444446,1213.25387879,2108.061111111111,3084.2,41.69521671555059,46.30505651586107,8
854.3731944444444,1204.7598018449999,2096.769444444444,3053.0,41.010955128150314,45.60494517359379,9
844.7277777777778,1187.6954165,2072.4777777777776,3015.2,40.600966103478434,45.48768784546678,9
806.0983333333334,1122.7065060799998,1999.2,2901.5000000000005,39.276619198236745,45.133053221288534,7
828.4938888888889,1151.03844209,2037.288888888889,2922.8999999999996,38.93143419967557,43.47008006282857,6
847.9229761904763,1196.4347627550003,2083.07380952381,3041.0000000000005,41.10182131522223,45.9861857077053,7
858.9177777777778,1220.6234251699998,2103.5777777777776,3084.7,42.11178959737444,46.64064398221021,7
825.48,1153.4351789900002,2025.2333333333333,2914.1000000000004,39.729027837137195,43.88959296871144,6
833.668888888889,1169.1654064800002,2048.222222222222,2979.3999999999996,40.24337744428245,45.462731908430065,6
839.6755555555555,1178.5675197300002,2063.9555555555553,3008.1999999999994,40.35987018226619,45.749262473352125,9
840.1612499999999,1164.7564287499997,2071.575,3005.2000000000003,38.63486666993983,45.06836585689635,6
886.35,1237.8829463499999,2176.0333333333338,3132.5,39.66073744570427,43.95459628375788,4
838.4451388888889,1182.47984992,2056.6305555555555,2999.6,41.03246534257775,45.85021076815233,7
832.4483333333333,1173.5389581650002,2041.1333333333334,2953.7,40.97438978174825,44.70882189633209,8
851.7249999999999,1198.11026895,2101.3,3072.8,40.66867462502571,46.233284157426354,6
874.965634920635,1233.0279566899999,2142.1753968253965,3107.2,40.923015428125176,45.048813678129456,6
818.676111111111,1141.06611242,2017.5777777777776,2923.6,39.37943185753152,44.906433457060736,8
895.2997619047619,1285.123006295,2182.357142857143,3220.5000000000005,43.5410865698081,47.569796746636996,7
