baseline_margin,lp_margin,baseline_volume,lp_volume,gain_pct,vol_gain_pct,n_unique_weeks
860.9249999999998,1058.3165479700003,2110.65,2633.6,22.927844814589022,24.776727548385562,6
823.7488888888889,1029.4025600149998,2029.8555555555554,2563.7,24.96557796921659,26.299627231275352,6
836.3616666666667,1044.55924631,2047.5333333333333,2596.6,24.893247495800253,26.816006251424472,8
793.1892857142857,972.1696132700001,1957.1714285714286,2440.9,22.564642611698723,24.715697581057217,6
846.6098412698412,1052.91242069,2087.3698412698413,2624.2999999999997,24.368081891266808,25.72280906403819,8
855.08,1052.3226203,2100.116666666667,2638.4,23.067153985591975,25.631115731665698,7
890.2742857142856,1138.0072313150001,2176.1428571428573,2799.2999999999993,27.82658665716187,28.635856364471827,5
852.9137499999999,1047.9936768000002,2091.125,2630.7,22.872175152528648,25.80309641939147,7
827.7420833333333,1028.6492456899998,2043.6583333333333,2563.3000000000006,24.27171052456455,25.427032405123196,8
784.7028571428572,957.4269048150001,1944.4476190476191,2430.4999999999995,22.011395281653474,24.996938780508085,6
806.8748412698413,990.8378966500001,2001.5698412698412,2495.6,22.79945364148941,24.682134419887884,6
843.99375,1037.9459376000002,2071.4249999999997,2606.4,22.980287188145674,25.82642383866181,6
846.5638888888888,1039.21606154,2067.888888888889,2575.5,22.756956111601497,24.5473107302133,6
855.56,1050.28241095,2100.65,2625.7999999999997,22.75964408691384,24.9994049460881,6
845.0812500000001,1064.9027378500002,2075.1749999999997,2645.0,26.01187611842058,27.459129952895555,5
833.8622222222222,1038.96668686,2043.7722222222221,2585.0,24.596924908191607,26.481805158761446,8
848.1038888888891,1059.2567344,2076.688888888889,2632.9,24.89704955695283,26.783555018137854,7
874.8720833333333,1090.7454317650001,2144.1583333333333,2705.8000000000006,24.67484704840186,26.194038841969878,7
861.5166666666665,1076.4378271849998,2108.5666666666666,2676.6,24.94683722717688,26.93931106438813,6
904.6663888888888,1131.5914683499998,2210.113888888889,2788.0,25.083841098575608,26.147345347964713,5
867.6850000000001,1094.5093158999998,2124.3333333333335,2705.5000000000005,26.141320398531693,27.357602385061995,6
863.9977777777777,1076.08643819,2122.427777777778,2680.0,24.54736179504064,26.27049212510829,5
807.5894444444444,993.590247655,1996.1277777777777,2508.8,23.031604052045143,25.683336905063427,7
831.921111111111,1024.45423505,2042.4444444444446,2571.1,23.143194873579112,25.88347296268087,6
886.7127777777778,1089.8763291000002,2171.2111111111108,2724.4999999999995,22.91199094157387,25.482961378442138,6
877.8249999999999,1075.8298217,2150.4,2695.4,22.556297861191013,25.344122023809522,5
875.7963888888889,1103.9706647899998,2137.838888888889,2718.4,26.053347421378664,27.15644823043,8
884.0266666666666,1107.07208337,2156.2666666666664,2730.1,25.23062087531296,26.61235468711354,6
857.3355555555556,1078.0731941000001,2077.9888888888886,2643.2000000000003,25.74693620415707,27.199910169554997,6
809.4302777777777,1007.54795633,1992.611111111111,2510.6,24.476188251338655,25.995483313352103,7
796.7575,976.7234823499999,1975.6500000000003,2467.0000000000005,22.58729693162598,24.87029585199808,5
873.6306349206349,1080.61477227,2145.520634920635,2702.6999999999994,23.692408333204646,25.969424670668566,5
890.93375,1118.6052376999999,2176.975,2763.0,25.554255599813096,26.91923425854684,7
813.9917857142857,1027.49771685,2006.9642857142856,2562.5000000000005,26.229494557904015,27.680398611976187,6
912.4835714285715,1160.5549103550004,2217.0761904761907,2848.3,27.186389617738747,28.471002134943916,5
871.8384722222222,1099.7840079550003,2132.847222222222,2713.5,26.145386214922304,27.224302412659135,8
774.3458730158729,947.5117658349999,1923.2015873015873,2402.7,22.362861203701065,24.932301213997484,8
812.5923015873017,996.00640994,2014.0873015873015,2520.3999999999996,22.571479940730534,25.13856762880503,7
868.08125,1094.6868455000001,2129.975,2711.6000000000004,26.104191917519262,27.306658528855994,5
814.7106944444444,995.921587585,2020.7194444444444,2525.3000000000006,22.24236092348393,24.970341971162668,7
902.1322222222223,1155.19030785,2196.3888888888887,2818.3999999999996,28.051108185052932,28.319716706715564,7
873.4783333333334,1085.331755665,2136.4333333333334,2701.6000000000004,24.253998553484433,26.453746899037352,6
829.3908333333333,1033.0245137699999,2040.6833333333336,2568.0,24.552198101618753,25.840200586404862,8
857.1193055555557,1067.0477129550002,2106.8805555555555,2644.6,24.49232050179712,25.522065929487646,8
874.8211111111112,1102.2088890900002,2136.211111111111,2728.6000000000004,25.992488646059705,27.730821443989626,7
877.9491666666668,1109.8617708550003,2137.2166666666667,2723.1,26.415265597761465,27.41338033111601,7
891.6451785714286,1127.8622623499998,2179.482142857143,2780.6999999999994,26.492273995922044,27.58535366363237,6
820.6802777777779,1008.8548118000001,2021.4611111111112,2522.4,22.929091769057447,24.781030222913568,6
802.6688888888889,983.6407638850001,1985.5888888888887,2496.7999999999997,22.546267520923262,25.74607029540634,7
855.8272222222222,1080.55198481,2096.055555555555,2666.8999999999996,26.2581928633051,27.234223011476587,8
830.4472222222223,1033.342162615,2036.9222222222222,2582.8999999999996,24.43200903843644,26.80405622862378,7
821.2810714285714,1038.799285465,2021.459523809524,2571.4,26.485234057332896,27.205119356240715,7
871.6504761904762,1107.9938095849998,2141.347619047619,2728.7999999999997,27.11446157035965,27.433770011319076,4
859.4749999999999,1057.88270835,2103.6,2628.7000000000003,23.08475620000583,24.961969956265467,5
848.2198611111112,1043.16815047,2079.6694444444443,2596.1,22.983226200754082,24.832338472593808,7
750.6077777777779,932.901101325,1872.3666666666668,2361.7999999999997,24.286095740562818,26.13982304035888,5
824.2488888888889,1011.799752085,2022.8888888888891,2533.6000000000004,22.754154203220708,25.246621992749645,7
871.7876388888889,1097.0818354500002,2134.2638888888887,2705.1,25.842784011970323,26.74627603844678,8
838.0353174603175,1042.36385868,2061.3460317460317,2590.2,24.38185324204524,25.655758912345757,6
837.29,1050.9159522500001,2055.6833333333334,2605.1000000000004,25.513973921819225,26.726716987862932,7
811.588611111111,1008.4332932150002,2001.6277777777777,2514.5000000000005,24.254244010940162,25.62275703385858,7
837.035,1022.0363392849999,2064.7999999999997,2581.5,22.101983702593078,25.024215420379715,8
834.4466666666667,1030.3521723500003,2051.516666666667,2581.5000000000005,23.477295015858836,25.833732766814805,6
849.28,1055.1294643,2093.4,2652.0000000000005,24.238115144593085,26.683863571223863,7
831.2717857142858,1051.1059823500002,2037.3309523809523,2590.2,26.445526049800645,27.136928684705357,7
831.4511111111112,1018.24045619,2040.4944444444445,2545.2,22.46546340280579,24.734473398332092,7
852.5131944444445,1060.1600547350001,2089.286111111111,2633.7,24.35702598431599,26.057411954907504,8
920.1775000000001,1155.58559485,2235.816666666666,2835.7,25.582900565380033,26.830613720564468,5
853.86875,1083.54089279,2090.1916666666666,2669.7,26.897827422540065,27.725128875741056,6
918.4207142857143,1169.83312522,2239.928571428572,2872.3,27.374427321123452,28.231767594629908,5
867.717142857143,1069.3490183000001,2115.0857142857144,2656.7,23.237051048564208,25.607202680066987,5
848.7144444444443,1058.1613194200002,2078.0444444444443,2625.1,24.6781324798421,26.325498331764912,6
861.8630952380954,1074.500624945,2118.32380952381,2672.3,24.671845317632737,26.15162932057691,7
824.8436111111112,1025.3611109,2039.5861111111108,2565.9,24.309759703270355,25.80493591428547,7
800.9061904761904,981.3984535199999,1984.7761904761905,2487.9,22.53600548854481,25.34914575950749,7
884.5862500000001,1116.45608615,2166.675,2750.8,26.212236076470763,26.95951169418579,7
880.1975,1108.93159195,2152.7833333333338,2746.3000000000006,25.98667821142414,27.569735303908896,7
851.716388888889,1070.9735017500002,2091.472222222222,2653.7000000000003,25.74297215850738,26.881914653420655,8
860.9065277777778,1057.37695906,2104.2027777777776,2624.2,22.821342961513274,24.71231516818854,6
831.7672222222222,1043.6077579450002,2037.0222222222224,2591.5000000000005,25.468728517193338,27.220016145571982,7
873.7352777777778,1099.9470136500001,2142.6944444444443,2730.2,25.890191414447624,27.419007739476513,6
852.1527777777777,1056.38374946,2096.144444444444,2634.7,23.966473736647387,25.69267385093267,7
870.0941666666668,1063.41961255,2134.3833333333328,2649.3,22.2189106983631,24.12484480294859,4
821.92625,1022.846875,2028.9250000000002,2560.5,24.445091636871307,26.199834887933257,7
898.5577777777778,1114.0150990850002,2198.177777777778,2761.0,23.978126575240342,25.604035665905084,6
821.9517857142857,1030.1723809050002,2024.9547619047619,2571.1,25.332458522462886,26.97073773546969,5
833.7276587301586,1051.0024603149998,2052.10873015873,2606.2,26.060644541380576,27.001067813712343,7
854.72,1049.06398825,2089.5666666666666,2624.7999999999997,22.737737299934473,25.61456123279148,6
827.7375000000001,1017.5017559000001,2044.95,2553.3999999999996,22.92565649133935,24.863688598743224,6
899.5761111111111,1117.842539755,2196.2111111111117,2761.4000000000005,24.263253097539142,25.734724955605355,5
844.4777777777778,1036.1916767300002,2082.977777777778,2612.3999999999996,22.702065583858555,25.416604433823334,7
853.445,1062.5022424350002,2092.6,2653.0999999999995,24.495690107153962,26.784860938545332,8
825.6850000000001,1033.4610615899999,2021.0666666666666,2570.4,25.164083347765768,27.180366803008322,7
875.7726388888889,1092.570302695,2129.147222222222,2691.5,24.755016790792514,26.412113352633376,6
910.9657142857144,1166.71672633,2211.4285714285716,2851.3,28.074713244813967,28.934754521963825,5
886.1416666666668,1104.4296432350002,2158.1000000000004,2736.6000000000004,24.633530368733375,26.805986747602052,6
869.2222222222222,1094.586924445,2125.322222222222,2697.6000000000004,25.927167582832684,26.92663596108305,9
852.5672222222222,1050.3209028,2100.922222222222,2637.5,23.195083674731432,25.540106725617864,6
846.1950000000002,1033.9928573999998,2075.4,2598.9,22.19321284101178,25.224053194564902,5
857.9688888888887,1069.73805516,2096.288888888889,2654.1,24.682616003170295,26.609457983950474,6
783.5876984126984,977.3463989600002,1937.0746031746032,2442.3,24.72712383563395,26.081876041191233,5
813.536111111111,995.9109324950002,2015.8611111111113,2523.5,22.417544703062458,25.182235328161376,8
806.5207142857143,984.63613112,1996.3785714285714,2473.0,22.084419368203264,23.87430096639272,5
851.0255555555555,1060.0905555799998,2093.855555555556,2632.0,24.56624230138015,25.701125515396885,7
829.6633333333333,1014.9799702950002,2048.766666666667,2564.4,22.336365790340682,25.167987244358386,7
872.7412499999999,1104.1354464500002,2131.475,2723.6999999999994,26.513493713056455,27.78474999706773,6
871.2030555555556,1079.679444585,2143.180555555556,2688.1000000000004,23.92971279198529,25.425736671224605,6
820.4370833333335,1010.406979635,2018.125,2525.8,23.154718400811735,25.15577578197585,7
879.879623015873,1135.186597115,2145.4408730158734,2777.5,29.01612532223869,29.460570782155045,6
802.63625,987.5300001,1984.7416666666668,2481.7999999999997,23.03580857455666,25.043981374570137,6
906.5226785714285,1157.611547895,2208.382142857143,2832.4000000000005,27.698024027292693,28.25678785536277,6
861.0241666666666,1074.8524999850001,2104.0833333333335,2664.8,24.83418486918198,26.64897619707711,7
802.5564285714287,978.8282735500001,1979.4904761904763,2460.3,21.963794532471674,24.289559843442156,5
847.8621428571429,1040.0097332500002,2086.790476190476,2623.2,22.66259816075223,25.705001528891483,6
785.1974206349206,976.713492055,1942.2884920634922,2452.3,24.3908176959136,26.258277800671642,7
817.4844444444444,1020.984741145,2015.4111111111113,2552.0000000000005,24.893476332611165,26.624289502555325,6
860.1169444444446,1087.47917607,2099.4444444444443,2669.2999999999997,26.433874264901295,27.143159566022753,7
871.62125,1063.4376338999998,2148.175,2683.5,22.00685032633151,24.91999022426012,5
883.2266666666666,1099.31249007,2150.2166666666667,2718.0,24.465500370233393,26.405866075511767,7
846.2938888888888,1051.967846345,2076.088888888889,2615.7999999999997,24.302899992122533,25.99653194040074,8
872.9635714285714,1114.9574701600002,2133.257142857143,2740.9000000000005,27.720961865042668,28.484276224150864,7
808.5183333333333,995.6648516000001,1991.6000000000001,2485.6000000000004,23.14684906341025,24.804177545691914,7
917.2932142857143,1169.47458362,2225.4119047619047,2858.8,27.491903941604587,28.46161170805192,6
856.5611111111111,1059.960545435,2111.0111111111114,2647.0999999999995,23.746050536901443,25.394887126232252,8
842.9732142857143,1081.47220235,2064.302380952381,2651.7999999999997,28.292593883469443,28.45986249245967,6
833.1861111111111,1022.095784245,2046.2444444444445,2553.7999999999997,22.673166368791815,24.80424843344445,7
879.2795833333332,1104.5909820850002,2156.358333333333,2730.2,25.62454571019555,26.611609851485728,6
854.9,1060.16217231,2106.3,2644.6,24.01007981167388,25.556663343303406,7
839.99626984127,1040.1546922849998,2074.34126984127,2598.2000000000007,23.828489438596293,25.2542210761114,8
854.0727777777777,1063.60754007,2086.577777777778,2634.7000000000003,24.533595700990876,26.268957144074292,7
811.5187500000001,992.918393,1997.425,2490.5,22.353105581355937,24.685532623252442,5
813.2533333333333,1014.6566355000001,2006.2,2544.6,24.765137001180456,26.836805901704707,7
820.7337500000001,1001.3650445999998,2022.5583333333332,2509.0999999999995,22.008513065290625,24.05575446938076,7
830.0205555555556,1039.20612115,2031.4555555555555,2572.6000000000004,25.202456034890695,26.63826156395799,7
836.2648412698413,1044.045049665,2053.326984126984,2594.0,24.846220735485087,26.33155946678872,5
862.980138888889,1073.603174695,2124.713888888889,2683.7000000000003,24.406475458090387,26.308770984851563,6
888.6544444444444,1101.29718037,2177.0444444444443,2749.9999999999995,23.928618964876993,26.318045872589742,7
820.4300000000001,1040.30360095,2011.6666666666667,2562.8,26.799800220616,27.396851698425852,6
809.6830357142858,1016.9503954999999,1999.5392857142858,2549.2000000000003,25.59858001753329,27.48936808657709,5
869.1344444444444,1075.23846222,2128.044444444444,2687.8999999999996,23.713709552415498,26.30845220442349,7
795.475,969.5935712,1980.4999999999998,2474.8,21.88862895754109,24.95834385256251,5
821.5994444444445,1011.5361116900001,2017.4111111111108,2521.8,23.117915734958704,25.001789972847515,7
880.7009523809523,1119.5636010550002,2149.114285714286,2757.4,27.121879229071887,28.30401893138701,6
870.0124603174604,1085.1243352449997,2129.0984126984126,2695.5,24.725148746610675,26.60288429710169,6
907.8016071428572,1161.7166219349997,2213.339285714286,2844.1,27.970320034053977,28.498148402139616,6
870.3772222222223,1086.08472265,2120.5555555555557,2689.5,24.783219840822525,26.829971181556193,5
847.0572222222222,1035.1796341999998,2094.288888888889,2614.1,22.20893784297661,24.820411065012788,6
826.1983333333334,1032.05208333,2027.333333333333,2576.1000000000004,24.915778898529197,27.068398553107567,6
841.9422222222222,1037.944662715,2065.122222222222,2592.9,23.27979703588793,25.55673325764956,6
812.9427777777778,1007.0995903800001,1996.7777777777778,2521.8999999999996,23.883207761923938,26.298480885871662,7
826.3594444444444,1027.1701590349999,2028.5944444444444,2575.6000000000004,24.300649788731956,26.96475665964668,7
850.3672222222223,1060.9017757600002,2088.7722222222224,2649.4,24.758074868831194,26.840062875852105,6
870.5575396825396,1079.0338495800002,2141.168253968254,2684.8,23.94744751432331,25.389492162711964,7
884.8786507936506,1100.6706151300002,2170.729365079365,2732.1,24.38661664430541,25.860922321844136,6
833.9200000000001,1026.49773803,2040.1666666666667,2553.3000000000006,23.093071041586704,25.15153990687038,6
795.7973015873016,990.80084317,1963.3587301587302,2475.3,24.50417225513875,26.074769830772674,8
912.6099999999999,1178.0657737,2214.0,2878.2000000000003,29.087537250304074,30.000000000000014,5
825.6097222222221,1010.55472309,2040.3388888888885,2549.2999999999997,22.401020226600227,24.944930172275313,7
812.7587500000001,993.68303555,2005.2749999999999,2506.0999999999995,22.26051525744877,24.975377441996713,7
816.7005555555554,999.8065176999997,2026.9555555555553,2520.4,22.420207859401746,24.3441176148137,6
787.8639285714287,965.3563397500001,1958.2071428571428,2452.7000000000003,22.52830783869041,25.252326289718383,6
890.5497619047618,1107.241130965,2177.5238095238096,2744.3,24.332314524094137,26.028472708187547,6
891.5168055555556,1122.0205156499999,2175.1638888888892,2758.5000000000005,25.855228825530002,26.818030314446293,6
812.79125,999.54389914,1996.5083333333332,2496.2,22.97670516753226,25.028278536277917,7
846.9105555555556,1052.3932241600003,2080.1555555555556,2613.9999999999995,24.262617493254925,25.663678998365484,10
788.5664285714286,966.453154865,1950.357142857143,2436.2,22.5582423811564,24.910455960446793,5
854.4688888888888,1044.82584345,2093.488888888889,2618.9,22.27780988125179,25.097391913552066,5
864.9916666666668,1094.38714249,2117.4,2703.5,26.519963678648146,27.680173798054213,6
901.8012500000001,1139.40619055,2199.541666666667,2792.9,26.347816722365366,26.976453427797445,6
850.4237103174604,1054.9680278399999,2091.5924603174603,2637.7999999999997,24.05204782521688,26.114434338687392,7
879.7456944444444,1118.215515745,2150.9194444444443,2764.6,27.106676714246174,28.531080377771268,5
795.71375,977.7327999500002,1961.525,2461.6,22.874940887976386,25.49419456800193,6
869.148888888889,1083.384136845,2127.488888888889,2680.7999999999997,24.6488548388973,26.007708618402475,7
832.4275,1033.2263691,2050.05,2579.7,24.12208499839326,25.835955220604355,7
852.1700000000001,1075.0809822649999,2092.9666666666667,2658.2,26.158041501695646,27.006322763541377,7
842.8919444444446,1043.53153015,2065.469444444444,2606.6,23.803713753344535,26.198913617969573,5
886.1294444444444,1103.5116666800002,2160.2111111111108,2728.4,24.531655459416854,26.30247043756014,7
818.7175,1005.6355357000001,2028.7250000000001,2526.8,22.830590002045902,24.551134333140276,4
884.0844444444444,1097.6097716699999,2175.3944444444437,2729.4,24.152141638430706,25.466901277163064,7
824.0666666666666,1029.9133735100002,2021.4333333333334,2571.6,24.979375476498696,27.216661444849354,7
893.0744444444445,1122.67620043,2169.5444444444443,2758.8,25.709139637108773,27.160335759171172,5
829.2793055555555,1013.362355965,2042.747222222222,2553.7999999999997,22.1979554025073,25.017915688159597,5
871.2836507936507,1109.0563982100005,2138.690476190476,2732.0999999999995,27.289935625414632,27.746395769551885,6
878.3365277777777,1107.02784704,2148.236111111111,2741.0999999999995,26.03686765035486,27.597706128412835,7
809.1076388888888,997.4473911,1986.7305555555556,2482.2999999999997,23.277465587860437,24.94396852450213,7
822.8011111111111,1010.816646755,2030.0444444444445,2545.0999999999995,22.85066623086988,25.371639372974837,8
793.4680555555556,970.9843059499999,1974.6055555555554,2468.1,22.372198748461823,24.992051858458375,7
853.3865277777778,1059.052985785,2097.0527777777775,2641.3999999999996,24.100035718020816,25.95772638584045,8
846.3101388888888,1037.1761929650002,2078.7138888888885,2605.6,22.552731593963568,25.346735494837237,7
762.5758928571429,931.6374998200001,1900.6107142857145,2376.2000000000003,22.169807431157334,25.022971939470587,6
853.4383333333334,1058.73152771,2099.4,2659.4,24.05483634357489,26.6742878917786,7
825.2188888888888,1015.7119248900001,2031.088888888889,2546.7999999999997,23.083940341889107,25.390868609065727,7
833.6697619047619,1039.15395841,2056.0904761904762,2599.9,24.64815276923917,26.44871566241063,6
864.2298611111111,1090.54367055,2117.086111111111,2691.0,26.186761141060877,27.108670066692813,8
858.1723809523809,1060.9630352299998,2118.795238095238,2645.7,23.630526777448413,24.868130361593632,6
905.0677777777778,1143.5595137999999,2192.177777777778,2791.3999999999996,26.35070454146465,27.334563295758635,6
770.7581547619048,957.825922765,1917.9369047619048,2404.9,24.27061807226448,25.38994343500302,6
870.7995833333333,1093.4195238300001,2134.308333333333,2695.2,25.565003102608298,26.279786191467196,7
862.2946825396825,1065.762063535,2118.939682539682,2664.3,23.596038003626898,25.737415838409785,6
860.0350000000001,1069.8197623899998,2103.2000000000003,2658.5,24.392584300638894,26.402624572080622,7
832.8608333333334,1024.187234485,2052.6833333333334,2581.5,22.972193371841836,25.762213687774533,7
852.1377777777777,1066.383749945,2087.7777777777783,2651.0,25.14217509824965,26.97711548696112,6
883.0744444444445,1094.5170942099999,2153.111111111111,2717.9999999999995,23.943921273656287,26.235937661265346,6
884.91875,1117.727192455,2153.3250000000003,2739.1999999999994,26.308454019648693,27.207922631279487,7
826.6361111111112,1028.574206515,2035.911111111111,2570.8999999999996,24.42889836163298,26.277615263709382,7
832.5225,1039.244484105,2060.175,2594.3999999999996,24.8307984595011,25.931049546761773,5
823.7994444444444,1028.9654464399998,2024.6444444444444,2568.0,24.90484830733477,26.837085249536273,7
855.94125,1056.8618044500004,2091.0416666666665,2638.2999999999997,23.473638459415337,26.171565208727703,5
857.5093650793651,1047.04336735,2111.3793650793655,2636.2000000000003,22.102849250292778,24.85676632067052,6
785.1892658730159,973.409236025,1953.990873015873,2452.2999999999997,23.97128671170906,25.502121522963677,6
840.9926984126985,1041.678114925,2071.49126984127,2613.5,23.862920200267858,26.165146725443936,6
889.3250000000002,1133.3008035500002,2168.8333333333335,2788.8,27.433818182329293,28.5852608929532,5
864.1089682539683,1069.639593655,2120.8873015873014,2675.7,23.785267015146246,26.15946156108667,7
865.0272222222221,1079.81445456,2109.7222222222226,2672.7,24.830112488945456,26.684924292297534,7
817.67125,1030.278452255,2017.175,2556.5,26.001550409776552,26.736649026485065,7
781.4760714285715,962.73455315,1932.845238095238,2424.7,23.194373871240913,25.447188021606433,6
887.5512500000001,1158.1957736999998,2168.05,2823.2,30.49339671371086,30.218399022162753,5
868.1277777777777,1083.102687805,2128.4777777777776,2689.9,24.763049349430126,26.376701137484808,7
858.725,1046.8653267,2102.9,2639.2999999999997,21.90926393199219,25.507632317276123,5
790.6725000000001,968.04866055,1955.2,2455.6,22.433581609326225,25.59328968903436,7
834.5752777777777,1020.6340277500001,2068.677777777778,2580.2000000000003,22.293824766489692,24.727012960506176,7
879.1354761904762,1090.326666965,2155.819047619047,2707.5999999999995,24.022599075363264,25.594956728411702,7
893.2270634920635,1142.82371994,2173.0492063492065,2795.0000000000005,27.94324832390776,28.621109537399363,7
846.83,1053.8178076800002,2077.05,2622.1000000000004,24.44266354285986,26.241544498206597,9
827.3329365079366,1019.405347235,2031.2507936507936,2543.7000000000003,23.21585449477883,25.228258763073516,7
872.0261111111112,1081.203075155,2129.2611111111114,2681.4,23.98746567088014,25.931008931110675,6
920.32875,1161.0655654499997,2241.8750000000005,2852.4000000000005,26.157698045399503,27.23278505715082,6
845.4683333333335,1038.14559525,2085.983333333333,2615.5,22.789412012277204,25.3845109021325,6
826.8729166666668,1041.4321722500001,2039.4638888888887,2582.4,25.948274669374317,26.621511372133487,6
777.3276388888889,951.7021925,1938.0138888888891,2428.2000000000003,22.43256831319697,25.293219719500918,6
840.2498611111112,1043.2498166,2069.336111111111,2612.7000000000003,24.159475042393968,26.25788464094094,7
848.3255555555556,1041.230108955,2086.2555555555555,2604.1,22.739448568552692,24.821716738654583,6
854.9008333333334,1044.4984233500002,2111.683333333334,2634.6,22.17772899780775,24.763024759078426,6
794.5764285714286,978.3377678249997,1957.2904761904763,2445.2,23.12695577742675,24.927803499006142,5
814.2350000000001,1002.64794635,2011.5000000000005,2533.3,23.139873175434587,25.940840169028068,5
823.355,1013.6692854499997,2029.8666666666668,2556.3,23.114487122808477,25.93437992643195,6
882.8677777777779,1096.8146527899999,2170.377777777778,2728.8,24.23317289376411,25.729263722649396,6
873.6461706349207,1096.46510885,2141.7099206349203,2708.6999999999994,25.50448290217377,26.473710277113163,6
877.2016666666668,1132.8239878849997,2146.9666666666667,2771.5,29.140656126394294,29.089102454625905,5
865.5538888888889,1076.3361110150001,2117.4388888888884,2676.5,24.352293350179767,26.4027034756349,6
820.7955555555556,1008.63421581,2027.788888888889,2536.0000000000005,22.884950945830333,25.062328425597684,6
873.7877777777777,1085.5425101399999,2133.2277777777776,2700.4,24.234114706978172,26.58751344467566,7
800.0416666666666,980.5750595200001,1987.5666666666668,2495.2,22.565498820269795,25.54044308786286,6
847.0818055555555,1037.5929212550002,2076.513888888889,2594.6000000000004,22.490285406909265,24.949802353035608,7
834.6566666666668,1020.047817985,2060.1666666666665,2560.1,22.211666032540318,24.26664509343905,8
787.6666666666667,985.801963815,1939.2666666666667,2444.9,25.154713984130332,26.073429818831865,4
850.1566666666666,1044.0037789500002,2092.9666666666667,2624.9,22.801340021643096,25.41527974645241,7
837.5303174603175,1036.88939489,2050.3126984126984,2578.2000000000003,23.803207271852358,25.746672787813253,6
815.0133333333333,997.4410332649999,2016.5,2520.7000000000003,22.383400672177128,25.003719315645935,7
843.3124999999999,1058.1299110499997,2072.383333333333,2625.2,25.473049557548336,26.67540593358693,7
888.6,1094.7359522999998,2173.466666666667,2733.0,23.19783392977715,25.743819397582943,5
847.7469642857143,1068.8772621,2079.2369047619045,2644.4,26.084469438425344,27.181274723613708,6
883.5494444444445,1102.35447447,2158.144444444444,2733.1000000000004,24.76432206497907,26.641198972368272,6
849.4332936507938,1089.931468405,2076.581746031746,2668.8,28.312779420331534,28.518899152415084,6
842.127638888889,1062.596706195,2070.8805555555555,2646.3999999999996,26.180006108931416,27.79104970107991,8
849.5862500000001,1053.78180039,2088.4750000000004,2622.6000000000004,24.034705174430478,25.57488119321514,9
839.64,1048.832860235,2051.1000000000004,2604.0,24.91458961400124,26.956267368728952,6
834.8832539682539,1053.879121345,2055.768253968254,2628.2000000000003,26.2307174489181,27.845149613862354,7
835.8470634920635,1041.78081479,2056.9920634920636,2606.4,24.637731026722914,26.709288103680436,6
865.4816666666668,1075.0941866399999,2129.166666666667,2666.2,24.219175061285686,25.222700587084123,6
772.44375,947.7090477,1916.125,2396.1,22.68971659101391,25.049253049774933,4
950.9383333333333,1224.165089015,2301.5333333333338,2976.2,28.73233164593568,29.313790806129212,5
902.3416666666668,1148.4387298300003,2199.5333333333333,2812.8,27.273157414135454,27.88167186979057,7
879.6752777777779,1106.2657837350002,2153.161111111111,2729.2000000000003,25.758426055763646,26.753171693298498,8
853.0088888888889,1066.7437111950003,2089.1555555555556,2656.0000000000005,25.05657620807654,27.132706463004745,7
804.450476190476,997.2874401099998,1985.2190476190478,2490.7,23.971266053904884,25.462225591034674,8
877.7177777777777,1112.1783233,2140.277777777778,2739.4999999999995,26.712520978649202,27.997404282933136,7
803.4685317460317,1013.9441761850001,1982.3960317460317,2516.7999999999997,26.195879007430456,26.957477703548566,6
841.5108333333333,1047.1334226,2062.2333333333336,2612.0,24.434930736680947,26.658800329739588,8
889.7112500000002,1123.8330656499998,2172.075,2761.7999999999997,26.3143593665922,27.150305583370738,6
763.5707142857143,930.9060119499999,1909.514285714286,2369.5999999999995,21.914839651861207,24.09438451064589,5
884.8194444444445,1106.85437556,2147.1444444444446,2712.9,25.093812360211604,26.349207992010054,6
877.0337499999998,1074.2221561499998,2146.8250000000003,2694.4,22.48355962926171,25.50627088840496,7
873.3787500000001,1105.5119493500001,2128.7583333333337,2729.4,26.578755133440104,28.21558733377437,6
864.0893055555557,1097.26345778,2106.2805555555556,2697.7,26.984959856033374,28.078854114876002,7
832.9147222222223,1032.8035610599998,2044.6722222222222,2565.1000000000004,23.998716015545103,25.452870739944753,8
879.4869444444445,1110.48430575,2150.561111111111,2746.8999999999996,26.265013115285324,27.729455620109462,7
870.7911111111111,1078.8145042549997,2136.277777777778,2692.6,23.889012013277803,26.041661248797222,7
848.8005555555557,1065.8073409800002,2092.4222222222224,2646.8999999999996,25.5662869214794,26.4993256088106,7
855.9993055555556,1079.1834325949999,2101.4472222222225,2666.3,26.072933189425274,26.879227410739414,7
883.6175000000001,1111.6944642,2169.9500000000003,2751.6,25.81173009814767,26.804765086753132,7
856.8504761904761,1065.34461339,2101.769047619048,2649.6,24.332616132336256,26.06523076365373,8
851.9858928571427,1070.3430354,2086.615476190476,2642.9999999999995,25.629196958953685,26.66444920773387,6
855.5384126984128,1091.0988288150002,2096.984126984127,2685.7999999999997,27.533587343392043,28.079176443872502,6
793.9683333333332,984.9203871149999,1958.8333333333335,2474.3,24.0503362369616,26.31498340849145,5
855.51875,1051.5348661500002,2111.225,2629.5,22.911960275563832,24.54854409170032,6
844.1830555555555,1044.14177553,2079.9055555555556,2606.7,23.68665405666688,25.32780601683302,7
847.9030357142857,1079.23636907,2077.282142857143,2663.1000000000004,27.282993881586435,28.201169453905276,6
895.3158730158731,1107.96277757,2197.4015873015874,2750.5000000000005,23.75104820132648,25.17056581257952,6
862.0961111111112,1067.69492037,2111.8111111111107,2672.2,23.848710904623285,26.535938083688055,7
815.835753968254,1008.7197014750001,2006.4718253968256,2510.8999999999996,23.642497471893293,25.14005769821422,6
848.9233333333333,1059.5881055700002,2076.583333333333,2632.5000000000005,24.81552384824702,26.770737188490752,8
856.84,1050.8693137,2105.0333333333338,2640.4000000000005,22.644754411558747,25.432693068993366,6
847.2344444444444,1054.76185501,2085.2444444444445,2630.4,24.494685258179896,26.143484376998167,7
831.4568055555554,1040.4035469900002,2038.6305555555555,2578.8,25.130197989639715,26.496681459639994,6
884.6462499999999,1126.70773815,2141.075,2748.7999999999997,27.362517859539924,28.384106114918907,5
882.3425,1111.8018450000002,2156.25,2746.6,26.005700167452005,27.378550724637677,7
856.676111111111,1072.45649771,2086.211111111111,2639.5,25.188094286768564,26.521232004857282,7
823.0781944444445,1024.53352167,2035.6194444444443,2562.2999999999997,24.47584307120812,25.87323269056784,6
834.1549206349207,1022.7690488650001,2050.1349206349205,2569.7000000000003,22.611402698016203,25.342970071656165,6
860.2836111111111,1082.99896815,2106.2194444444444,2671.2,25.88859698852544,26.82439178148314,7
832.8299999999999,1027.56883925,2047.4,2575.8999999999996,23.38278391148256,25.813226531210294,6
815.9398412698413,998.24394945,2023.593650793651,2532.1000000000004,22.342836929796206,25.128876491923847,6
842.8815079365079,1048.05418712,2072.5603174603175,2617.9,24.34181759257996,26.312367266007158,7
799.3040277777776,980.6830012849999,1986.1527777777776,2492.2,22.692113038825983,25.478766179730496,6
784.225,960.6412498499999,1953.6,2444.6,22.495616672511062,25.133087633087634,6
814.7106944444444,995.921587585,2020.7194444444444,2525.3000000000006,22.24236092348393,24.970341971162668,7
802.4916666666667,992.3757841999999,1975.4666666666665,2497.2999999999997,23.661817987725712,26.415699244060477,6
808.7973611111112,992.3067362500002,2005.4861111111113,2518.7999999999997,22.689165910084963,25.595484608192777,5
838.6047222222222,1039.93900656,2076.8055555555557,2627.2999999999997,24.00824595934319,26.506787935531314,5
832.0400000000001,1032.8716954299998,2058.133333333333,2595.8999999999996,24.137264486082366,26.12885462555065,8
866.5038888888889,1075.8604658349998,2121.988888888889,2662.7000000000003,24.161066052983,25.48133564423314,8
845.4819642857143,1067.8788688,2065.9607142857144,2627.8,26.304157144519635,27.19506144668081,6
848.5699999999999,1050.9726497,2080.3,2620.9999999999995,23.852204261286634,25.991443541796823,5
838.26,1051.50049563,2043.6166666666666,2588.8999999999996,25.43846725717557,26.682270810735858,7
825.2248214285714,1021.9678872549999,2040.9035714285715,2565.4,23.841147371917472,25.699226358073194,7
804.7541071428572,985.6484819,1993.2892857142856,2495.7,22.478217029469736,25.205107852956615,7
886.2361111111111,1113.47109115,2161.4444444444443,2745.6,25.640455990220808,27.026165629979953,7
862.0444444444446,1070.8385811100002,2119.0444444444443,2667.2,24.220808800654776,25.868053734911964,8
862.8769444444443,1068.7570338,2119.6944444444443,2670.3,23.859727702900877,25.975704045394398,7
878.7735714285714,1120.9981347349997,2149.109523809524,2762.8000000000006,27.56393355260535,28.55557008107457,7
894.2942857142858,1143.8208630300003,2176.688095238095,2798.8999999999996,27.902065494739684,28.585257856792058,6
809.5963888888889,989.5167459800001,2002.7472222222223,2508.7,22.223463389953924,25.26293743732566,6
832.977361111111,1032.5728076550004,2046.8527777777779,2566.0,23.96168922017861,25.363193086405,7
789.2604166666666,963.5304165000002,1960.9916666666668,2452.5999999999995,22.080164690044775,25.069373913708592,7
843.8799999999999,1036.9339284500002,2088.0,2618.7,22.876940850594906,25.41666666666666,6
848.7127777777779,1058.4547519,2076.744444444444,2618.7999999999997,24.712951143660025,26.101216112826172,7
889.1922222222223,1122.9641172,2168.4722222222226,2767.0,26.290366597398613,27.601357842823266,7
881.725873015873,1101.81075397,2157.101587301587,2729.7999999999993,24.960692170838097,26.549440975324003,6
821.4544444444446,1027.487817675,2016.8777777777777,2562.5000000000005,25.081533689905026,27.05281540775348,7
880.2775,1088.6834227500003,2156.9833333333327,2719.5,23.675025517521494,26.078860136456044,5
841.8805555555556,1047.9274300550003,2062.7722222222224,2613.9000000000005,24.474597155112427,26.717820408888812,8
872.9433333333334,1084.0537206649997,2145.833333333333,2698.8,24.183744725507147,25.76932038834954,8
771.1949999999998,939.853512115,1910.7999999999997,2373.3,21.869762137332344,24.2045216663178,5
862.5425,1054.8016351500003,2117.5499999999997,2650.7000000000003,22.289815881536303,25.177681754858238,6
871.5141666666667,1103.2239287650002,2131.866666666667,2718.0,26.587033345030743,27.493902057664638,7
854.5172222222222,1063.4443649099999,2101.9222222222224,2651.6,24.449728718685193,26.151194937966817,8
826.5072222222221,1027.18454383,2028.5222222222224,2566.3,24.280165522113478,26.51081520756763,6
845.7904166666666,1061.12369006,2085.8416666666667,2649.5,25.459412775328012,27.023064230666275,5
855.0533333333333,1064.3521926050003,2105.3333333333335,2665.5000000000005,24.477871860429794,26.607029765674493,8
863.3006944444444,1084.658174485,2116.744444444444,2691.9,25.6408319216058,27.171704976720044,6
867.3094444444445,1079.214414535,2120.3444444444444,2676.7000000000003,24.43245273620783,26.238923445352185,7
834.86,1037.33624943,2052.233333333333,2592.3999999999996,24.25271895048271,26.320918673964943,7
832.9994444444445,1028.186646985,2054.311111111111,2599.4,23.431852667168627,26.533901605296183,6
883.71125,1115.0311606500002,2155.141666666667,2739.2000000000003,26.1759608299657,27.10069330322446,8
781.6792857142858,958.515891765,1940.6714285714286,2423.7000000000003,22.62265474888768,24.889765692286186,5
809.8898611111111,1008.8513787950001,1995.6694444444445,2511.5999999999995,24.5664907338052,25.85250563372633,8
792.935,974.75321429,1961.8833333333337,2474.5000000000005,22.929775364941648,26.128804804906853,5
848.8788888888889,1056.340585195,2090.688888888889,2649.4,24.439492962024403,26.723780572060253,6
870.0680952380952,1085.4677381850001,2127.690476190476,2696.3,24.75664193708431,26.724259480993265,7
802.4721428571428,975.3670235,1990.6523809523808,2456.3999999999996,21.545281313726072,23.396732825084854,5
929.8183333333333,1199.5972916649998,2254.8333333333335,2924.0,29.014157783330425,29.676990169266016,5
808.4316666666667,986.915595035,2007.1666666666665,2493.4999999999995,22.07780023069358,24.229843062359862,5
889.0811111111111,1104.18762854,2180.177777777778,2730.1999999999994,24.194251203927163,25.228319810820693,6
843.8772222222223,1033.92251971,2075.688888888889,2598.3999999999996,22.520491427333745,25.182536453760985,7
846.8361111111111,1064.9900795849999,2069.9611111111108,2637.8999999999996,25.761061155936627,27.437176758554244,6
841.32,1033.4748513499997,2075.8,2592.9,22.839686605572147,24.910877733885727,5
823.6833333333334,1017.531101285,2032.0555555555554,2541.3,23.534258871937016,25.060557180742013,6
837.4854761904763,1037.76389897,2063.390476190476,2593.6000000000004,23.91425624364769,25.696034266302373,7
850.545,1053.6634130400003,2088.366666666667,2649.6,23.88097196973709,26.87427175942921,6
910.3768055555556,1126.3879217299998,2217.8305555555553,2781.8,23.727660333198386,25.428878821771548,5
883.48,1090.4438095,2152.7999999999997,2707.7999999999997,23.42597563046136,25.780379041248608,5
776.2135714285713,963.0887204549999,1931.1714285714286,2427.2,24.075223096460025,25.68537231288188,6
879.1033333333334,1100.7306549149998,2136.2000000000003,2698.3,25.21061099169227,26.313079299691033,6
927.55,1195.7568746,2251.2833333333333,2909.5,28.915624451512052,29.23739792858888,5
873.505,1092.1746827800002,2126.366666666667,2695.9,25.033592570162764,26.784342618864727,7
864.4441666666668,1103.6451187,2091.116666666667,2694.6,27.671070180935132,28.859381351271637,5
861.3838888888889,1056.78110894,2115.538888888889,2649.8,22.684104331595595,25.254138031549633,7
908.3100000000002,1158.35669658,2213.9500000000007,2844.5,27.52878384912638,28.48076966507821,6
839.2738888888889,1031.3750383,2066.0222222222224,2593.2000000000003,22.88897009120978,25.516558926977236,6
849.6651388888889,1074.825600195,2082.613888888889,2663.7000000000003,26.499905786478962,27.90176874413965,7
818.7794444444444,1011.0495343449999,2025.5444444444443,2562.7999999999997,23.482525264299227,26.524007262793543,6
899.3505555555555,1129.3017657,2192.0555555555557,2774.8999999999996,25.568584877606135,26.588944927389285,7
804.228511904762,1000.064238765,1984.929761904762,2510.5000000000005,24.35075652769561,26.478026990279748,8
924.9000000000001,1207.9725002,2243.9666666666662,2932.1,30.605741182830563,30.665933837401052,4
874.5177777777778,1083.95756949,2140.2777777777774,2683.0999999999995,23.949174852045434,25.362232316677478,7
826.44,1016.5875099400001,2026.2999999999997,2542.4,23.008023563719092,25.470068597937146,7
833.7373611111112,1046.2287153999996,2037.652777777778,2592.1000000000004,25.486605758641286,27.210093312703208,6
894.0312500000001,1122.5356536500003,2189.1749999999997,2749.3000000000006,25.558883277290384,25.586122626103485,7
868.4688888888888,1062.4314189000002,2133.8555555555554,2659.8,22.333848971753632,24.64761230323829,5
847.1544444444445,1054.22783722,2075.0111111111114,2614.3,24.44340511149089,25.98968680221256,6
812.9875000000001,998.96863035,1996.9499999999998,2507.1000000000004,22.876259518135264,25.54645834898223,6
884.1319047619048,1097.1480650150002,2160.0761904761903,2725.1000000000004,24.093255667598626,26.157587033967083,6
840.2625,1058.5376939,2062.5833333333335,2625.1000000000004,25.977024310855235,27.272433437032856,7
814.6222222222224,1018.3636497350002,2008.9222222222224,2550.9,25.010541322699,26.978534648208264,7
846.3694444444445,1040.2845929999999,2091.3444444444444,2598.7000000000003,22.911407049062472,24.259779727023034,5
826.4322222222223,1008.25817497,2032.322222222222,2531.7,22.00131454928749,24.57178159631292,5
872.6863888888889,1068.810168395,2139.2388888888886,2664.7999999999997,22.47356920002124,24.56766814780958,6
805.5853571428572,996.6986311000002,1979.7309523809524,2488.4000000000005,23.723528768566258,25.693847288051433,6
905.3528571428573,1154.346637225,2199.614285714286,2818.8,27.50240175614242,28.149740538925656,7
880.2656349206349,1125.01757953,2151.492063492064,2761.2,27.804328023259934,28.33884199964583,6
871.5033333333334,1083.68780784,2135.2833333333333,2690.8,24.34694927615498,26.016063442010047,8
881.7244444444444,1098.154652505,2143.244444444445,2701.2000000000003,24.546241110160402,26.03322066233953,6
815.4022222222222,1004.1129368850001,2014.2555555555557,2514.6,23.14326715329313,24.84016703165767,6
901.1160714285716,1147.8362799050003,2202.992857142857,2814.2000000000003,27.379403863621516,27.74439966409336,6
849.3055555555555,1057.35823402,2087.138888888889,2646.7,24.496799426721186,26.809960472204082,7
821.4627182539683,1017.3766765549999,2022.5123015873016,2539.0,23.84940350274809,25.536937303538284,8
908.4224999999999,1143.9984822000001,2208.2833333333333,2812.6000000000004,25.932424857376414,27.365902624210378,7
845.9222222222222,1040.713916095,2073.722222222222,2604.1,23.027139937412166,25.576124521124118,5
810.8744444444444,994.039454245,2008.2444444444448,2516.4,22.588578423635944,25.303471246306874,7
834.2780555555556,1035.90826403,2055.0055555555555,2580.2,24.1682263043796,25.556838181026812,8
837.7946825396825,1023.7846819349999,2065.203968253968,2585.6,22.199949853048615,25.198287420782076,6
856.8612499999999,1056.0910271500002,2093.875,2637.5,23.251112960237172,25.962629096770343,6
851.0349999999999,1041.6491070399998,2090.1333333333337,2617.4000000000005,22.397916306614878,25.226460831844864,6
847.0305555555556,1044.02733155,2081.9055555555556,2619.8999999999996,23.25733997461722,25.841443335832807,7
781.05375,957.28348195,1940.5249999999999,2427.4999999999995,22.563073533671655,25.095012947527074,6
832.1379166666666,1020.698853865,2051.741666666667,2566.6999999999994,22.659817972681832,25.098595096036256,8
872.560376984127,1093.7557934650001,2143.959126984127,2713.8,25.350155968049076,26.578905625755052,7
910.4183333333334,1172.912380965,2216.733333333333,2872.6000000000004,28.8322453558895,29.58708008781694,5
855.3877777777778,1066.4223516200002,2102.111111111111,2659.3999999999996,24.67121688253152,26.510914953221626,7
871.4120833333333,1082.8656545100002,2137.7250000000004,2680.8,24.265623029670746,25.404343402448855,7
883.6936111111112,1106.8798015549999,2154.461111111111,2738.6,25.256060204312867,27.112992937135598,5
885.92875,1119.47910719,2162.458333333333,2754.7000000000007,26.362205447108458,27.38742557660076,6
896.0344444444445,1157.7357539799998,2182.277777777778,2827.4,29.20661266518769,29.561874697690996,6
767.6812500000001,942.6039286050001,1907.2749999999996,2390.5,22.785847460127492,25.33588496677199,6
878.7674999999999,1104.4655802999998,2156.6499999999996,2747.7999999999997,25.68348059071369,27.410567315048812,7
846.7505555555556,1041.2123594,2073.6555555555556,2610.4,22.965654119572132,25.883973015983585,7
812.14,1005.8264288,2005.3000000000002,2528.6000000000004,23.848896594183273,26.095846008078595,5
856.7911111111111,1060.86234121,2103.561111111111,2639.4,23.818084414326325,25.47294138775252,8
859.5961111111111,1073.308670905,2104.777777777778,2669.5,24.86197378413507,26.83049147442327,8
863.114761904762,1081.680506,2119.004761904762,2686.7999999999997,25.32290649425308,26.795373389574163,7
861.8880555555556,1075.65868058,2110.472222222222,2675.7999999999997,24.802597465705933,26.78679073930267,7
834.4201388888889,1024.1126835100001,2052.063888888889,2567.8999999999996,22.733457137516503,25.13742939019387,8
897.7859722222222,1125.8230252000003,2196.397222222222,2794.5999999999995,25.399934954801658,27.23563714820861,6
828.5094444444444,1024.8224806350001,2052.5444444444447,2590.8,23.69472520885904,26.223819757590842,6
864.9237301587302,1074.97703497,2127.8587301587304,2663.7000000000003,24.285760407188842,25.182182550309538,5
867.70375,1090.82211305,2126.425,2704.0999999999995,25.713656654128794,27.166488354867877,6
838.7519841269841,1041.0694263149999,2072.026984126984,2576.5,24.121247522126353,24.346836201342597,6
787.1375,969.9516965000001,1954.2499999999998,2453.3999999999996,23.225192104301993,25.541767941665597,5
936.7614285714286,1200.1683631450003,2275.207142857143,2923.6000000000004,28.11889201877901,28.498190117697295,4
846.8465079365079,1034.6633929000002,2088.3365079365076,2601.0,22.178385717282048,24.548892868326906,6
823.7258333333333,1022.6304166150001,2031.283333333333,2547.5,24.146940065818836,25.413326550538674,8
822.4855555555556,1026.76409723,2016.6555555555556,2541.2999999999997,24.836733033744597,26.015570333720834,7
801.8169444444444,998.85303616,1983.4277777777775,2498.0999999999995,24.573700154475553,25.948624295201622,8
853.5805555555556,1049.6529264,2105.7222222222226,2636.6000000000004,22.970576071385565,25.211197002875757,7
864.2154166666668,1091.96943437,2100.9916666666663,2679.7,26.35384804656631,27.544532542172558,6
865.7875,1096.68927091,2114.4333333333334,2697.4,26.669566251534004,27.57082275787051,7
825.6113888888889,1025.751032165,2036.2388888888888,2578.7,24.241385955862338,26.640347263336814,6
850.7683333333333,1057.502440515,2095.9333333333334,2649.1000000000004,24.299694650325883,26.392378892458428,7
850.0527777777778,1041.080069785,2084.8444444444444,2599.1,22.472403714344527,24.666375322432792,6
820.5926388888889,1016.0698712450003,2034.713888888889,2572.8999999999996,23.821470373021423,26.450210717586533,5
840.0392857142857,1039.39964295,2065.8714285714286,2602.2,23.732265933991187,25.961372233094288,5
837.7902976190477,1057.7610117650001,2062.0940476190476,2622.5,26.25605891726088,27.17654672579134,6
886.3228571428572,1127.4999403749998,2164.6571428571424,2762.2,27.21097411496292,27.60450351754816,7
809.013888888889,997.0780864800001,1995.7222222222222,2505.4,23.24610246795653,25.53851293043455,7
852.1427777777778,1044.727023555,2090.8611111111113,2607.2000000000007,22.599997418207813,24.695035272548548,8
847.0122222222221,1053.63303574,2081.7222222222226,2614.6,24.394076979867805,25.597929065143685,9
783.2857936507938,978.9969145850002,1935.4650793650794,2450.3999999999996,24.985914786226644,26.605229209500504,6
820.0150000000001,1007.1022325600001,2020.7666666666664,2535.2000000000003,22.815098816485058,25.45733467495838,7
838.9775000000001,1024.90044505,2073.583333333333,2595.8999999999996,22.1606592608264,25.189084917413496,4
879.4762499999999,1104.5505358999999,2150.041666666667,2729.0,25.591854913648888,26.92777271758297,7
877.35125,1106.4592856499999,2150.4750000000004,2732.2,26.113604517004994,27.051000360385466,8
879.8031944444444,1113.8387898900003,2137.236111111111,2722.9999999999995,26.600903125083402,27.407542191693576,6
819.3934722222223,1004.9694544,2028.5972222222222,2524.7,22.647969317413466,24.455459779951934,5
822.70875,1024.3440476,2014.4916666666666,2537.2,24.508709503818945,25.947406086729902,6
849.7833333333334,1041.99874989,2092.0333333333333,2608.3,22.61934413360267,24.677745733815595,7
813.1627777777778,998.8209922699999,2014.077777777778,2523.4,22.83161742838148,25.28811090821825,7
839.29,1026.723838995,2071.1000000000004,2581.6,22.332428480620536,24.648737385930158,7
866.8491666666666,1072.9971126350001,2125.05,2671.5000000000005,23.78129366623761,25.71468906613963,7
893.1866666666667,1110.377826765,2190.433333333333,2751.5999999999995,24.316435545201443,25.61897950177286,5
838.333611111111,1060.56271883,2053.961111111111,2634.6000000000004,26.50843348918706,28.26922504753688,6
820.8972222222222,1007.6381149650002,2018.6222222222223,2530.2,22.748388919779533,25.342918162002672,8
852.6476984126984,1055.966963625,2102.4126984126983,2629.2999999999997,23.84563584594244,25.06107873040799,7
845.9957142857144,1052.809463585,2080.1785714285716,2628.0,24.44619349802514,26.335307751738338,7
870.5544444444445,1083.9328372950004,2137.8111111111107,2696.4,24.510631610952956,26.129010462414858,6
859.8562698412699,1073.30144923,2112.6174603174604,2678.5999999999995,24.823355585711106,26.790583260515586,6
783.3037499999999,963.5209375,1946.125,2438.2,23.00731836149132,25.28486094161474,6
822.89375,1003.4986906500001,2025.3250000000003,2508.8,21.947540694044662,23.87147741720464,6
876.3177777777777,1086.5547119550001,2150.777777777778,2701.9,23.99094706378714,25.624321950715505,8
863.05125,1072.15508905,2127.675,2663.8,24.228438235852163,25.197692316730702,5
789.8362500000001,974.4495833500002,1947.975,2438.3999999999996,23.373621222120427,25.176144457706066,6
817.8573611111111,1023.5256846599999,2009.702777777778,2542.6000000000004,25.14721188906038,26.51622061305362,8
841.6393055555557,1047.95391906,2063.0805555555557,2599.5,24.513424235606333,26.000896717287645,8
838.1316666666667,1041.1684520100002,2061.7666666666664,2604.2,24.224927110895493,26.309152345076235,9
800.2005555555555,984.1077888999998,1980.0222222222224,2489.5,22.982642547250293,25.73091211097518,6
825.3837500000001,1011.5678866,2027.7583333333332,2527.2999999999997,22.557281579628853,24.63516773448512,7
866.3672222222223,1081.909424625,2118.222222222222,2680.9,24.878850085061426,26.56368023499791,7
871.3425,1079.02726235,2149.2,2674.7999999999997,23.835031844538747,24.455611390284755,6
782.87375,960.9299999000001,1941.5249999999999,2427.3,22.7439290051557,25.020280449646556,5
875.0230357142858,1101.3190183,2143.8964285714287,2736.2,25.861717160507386,27.627434027829818,5
795.5248214285714,973.6903442499998,1966.3369047619046,2462.1,22.395972824768183,25.212520501318927,7
813.323888888889,1011.1273708699998,2003.9888888888888,2545.3,24.320382652394155,27.0116822559451,6
901.9425396825397,1159.9475199949998,2177.9349206349207,2813.1,28.60547861544163,29.163639066860327,5
859.3004166666667,1078.0748215200001,2110.991666666667,2668.8,25.459594876258357,26.42399504182474,7
859.4884920634922,1070.05822403,2121.006349206349,2671.7,24.499424240220375,25.96379077317296,5
870.9888888888889,1080.539087075,2140.1555555555556,2692.3,24.058883053425856,25.799266927637667,7
801.8666666666666,996.9056545550002,1979.1238095238095,2482.4999999999995,24.323119540447326,25.434295118570965,8
889.3994444444445,1109.59938487,2166.1944444444443,2734.7000000000003,24.75827276495562,26.244437890309445,7
869.0161111111112,1082.16911697,2127.677777777778,2691.7999999999997,24.528084477784255,26.51351760657157,8
804.09375,993.96267865,1973.325,2469.4,23.61278503283977,25.13904197230563,5
861.3050000000001,1050.2799999499998,2119.0,2655.7,21.940543704030482,25.32798489853704,5
852.5131944444445,1060.1600547350001,2089.286111111111,2633.7,24.35702598431599,26.057411954907504,8
844.1038888888887,1046.33354189,2074.055555555555,2616.5,23.957910354768114,26.153804944687028,8
805.3397222222222,1000.2752876100002,1990.6055555555556,2513.5999999999995,24.205383145622143,26.27313296623861,7
785.1712499999999,963.8443752000001,1950.675,2442.8,22.75594339451428,25.2284465633691,7
882.9317857142858,1108.0776204,2172.0880952380953,2741.6000000000004,25.499799455466732,26.219558313977014,5
852.3190277777778,1068.72911686,2095.2527777777777,2667.6,25.390737743642866,27.316380548090855,7
771.6955555555556,957.59367052,1913.9555555555555,2399.7999999999997,24.089566620688057,25.384311722088043,7
933.965138888889,1219.3080255949997,2269.4305555555557,2961.2999999999997,30.551770598801443,30.486477885421557,5
852.5350000000001,1058.0954462749999,2082.866666666667,2621.7999999999997,24.111672397614146,25.874595909483702,7
860.9616666666666,1069.4148014,2115.0333333333333,2663.8999999999996,24.21166270275294,25.950733636979702,8
888.7995833333334,1117.47422684,2167.3083333333334,2750.1,25.728482302956365,26.890113312595876,6
806.2420833333333,990.8040774000001,1988.1083333333333,2485.4999999999995,22.89163489253901,25.018338202562713,7
852.3190277777778,1068.72911686,2095.2527777777777,2667.6,25.390737743642866,27.316380548090855,7
823.8338095238096,1022.8073898850001,2032.0238095238094,2569.2999999999997,24.152150356174477,26.440447595055357,8
915.9922222222222,1181.68604217,2228.422222222222,2882.7000000000003,29.006121831820522,29.36058397072171,7
911.9246031746031,1129.014751695,2213.874603174603,2778.3,23.805712420156233,25.494912675543354,4
839.5955555555556,1043.4410911300001,2068.2555555555555,2609.8,24.27901556000509,26.183633013328475,7
818.5450000000001,1006.0491171650001,2019.8999999999999,2530.9,22.907001712184424,25.298282093172944,7
867.6036111111111,1090.161795635,2128.594444444444,2692.9,25.652058344808644,26.51071259855881,8
853.6894444444446,1061.89354177,2092.3444444444444,2654.4999999999995,24.388739802335067,26.867256825145617,8
852.6572222222222,1060.3687994499999,2087.222222222222,2636.3999999999996,24.3605017132715,26.31141868512109,7
857.345,1044.1799701249997,2098.6666666666665,2610.7999999999997,21.79227383667015,24.402795425667087,6
888.375,1106.7033927999998,2175.4999999999995,2750.7,24.576152278035725,26.439898873822127,6
829.0072222222223,1015.97430655,2038.1888888888889,2552.0999999999995,22.553130939751902,25.214106205400192,7
860.2907142857142,1080.4561606500001,2109.2285714285713,2678.1000000000004,25.59198218791491,26.970591820977226,5
835.5388888888889,1019.8114778900001,2073.688888888889,2564.5,22.054340193088972,23.668502721934072,6
827.8855555555555,1018.9806221849999,2034.3888888888887,2561.7000000000003,23.082304715560525,25.919877659138724,7
764.3627777777778,931.3628467499998,1903.8277777777778,2362.5,21.848273336613698,24.092106837394837,5
918.1616666666666,1189.083512235,2229.666666666667,2885.3999999999996,29.50698721194706,29.409478247869604,6
823.5061111111112,1019.68840264,2014.611111111111,2524.0,23.822809434187555,25.2847254777597,6
844.49,1032.4044643949999,2081.4,2606.4,22.251828250778562,25.22340732199481,8
807.8544444444445,1005.10242077,1997.077777777778,2523.3999999999996,24.416276679792407,26.354618136499408,8
830.8975,1049.5882736500002,2042.05,2599.1000000000004,26.31982568848747,27.278959868759358,7
878.697380952381,1133.825744015,2144.652380952381,2770.6000000000004,29.034838226796218,29.186437140440134,5
844.7244444444444,1035.1978768499998,2083.4944444444445,2611.3999999999996,22.548587726832665,25.337507232773977,8
836.4523611111111,1041.2000691550004,2043.186111111111,2571.4,24.47810748862138,25.852460821674228,6
819.0470833333333,1005.1996269999997,2020.2916666666665,2540.7000000000003,22.72794170868278,25.759069441293565,6
792.0348611111112,982.3339680550004,1963.7694444444444,2478.1,24.02660744969316,26.19098474164624,5
804.758373015873,995.449831955,1994.7265873015872,2493.7999999999997,23.695492377979384,25.019640078771182,7
850.8638888888889,1058.4679660000002,2092.0888888888885,2627.2999999999997,24.399211180793387,25.58261811692727,8
863.7366666666668,1090.04511909,2113.7000000000003,2708.6,26.201093592182794,28.144959076500903,7
829.2338888888888,1031.5811512700002,2041.388888888889,2582.7999999999997,24.401711639190424,26.52170363314735,8
797.6475,978.7291082899999,1970.0166666666669,2462.9,22.701958984388448,25.01924687608395,7
828.505,1023.8974109499999,2034.6166666666663,2562.1,23.583733465700256,25.925440500667627,5
824.6294444444446,1010.808888905,2035.0444444444445,2548.6,22.577346190443762,25.235594090219152,9
815.885,997.0308038,2006.3000000000002,2500.4000000000005,22.202369672196443,24.62742361561084,6
829.3205555555555,1017.8585514000002,2047.3555555555556,2574.4999999999995,22.734031440730966,25.747576819962855,7
837.1995833333333,1052.2494341,2063.675,2609.4,25.68680814560845,26.444328685476147,7
822.335,1034.558333295,2026.0666666666666,2565.0,25.807406141657594,26.599980257313025,6
808.0660714285715,987.1956552500001,1994.4785714285713,2473.0,22.167690261360345,23.992307334176143,6
826.5888888888888,1013.6623309949999,2036.2888888888888,2548.5,22.631981220746574,25.15414752327219,8
806.7468253968254,998.6246826500001,1998.6396825396826,2505.4,23.78414779119745,25.35526147546387,6
874.68125,1106.86217225,2128.208333333333,2725.8999999999996,26.54463237322167,28.084264933335945,6
836.2150000000001,1043.6065773850003,2045.8166666666666,2596.4,24.801226644463455,26.91264287285437,8
780.15625,956.23156275,1941.575,2433.2,22.569236963749244,25.320937898355705,6
826.5344444444444,1010.9125293850001,2042.3444444444444,2554.7,22.307368577299346,25.086637905239613,7
851.2500000000001,1046.7652976499999,2089.3,2606.4000000000005,22.968023218795853,24.74991623988897,6
810.3620833333333,1003.6296133700001,2005.091666666667,2526.6000000000004,23.849527761921255,26.009201574325363,8
863.2059722222223,1076.56600206,2120.5972222222217,2675.7999999999997,24.717163307907555,26.181434737331614,6
827.7516666666667,1030.9450591500004,2036.0166666666664,2566.7,24.547627104344947,26.064783359664712,7
843.22,1050.70089332,2056.766666666667,2593.3,24.605784174948408,26.08625188402508,6
893.3266666666666,1109.58417673,2182.7000000000003,2740.4,24.20811088851411,25.5509231685527,8
859.51125,1085.20003004,2097.4750000000004,2665.3,26.257804076444604,27.0718363746886,6
814.2574999999999,995.0072916500002,2020.1499999999999,2524.7000000000003,22.198111979318615,24.975868128604336,5
864.3112500000001,1055.6631075,2114.325,2649.9000000000005,22.139230225222676,25.33077932673552,5
851.32375,1042.1471874499998,2103.5750000000003,2633.9,22.414908247303075,25.210653292609,7
857.707777777778,1065.88998018,2099.577777777778,2659.0000000000005,24.27192661603211,26.644510536509994,7
791.7882539682539,984.8405158249999,1959.6301587301587,2465.7,24.38180421207489,25.824762852076876,7
829.486111111111,1014.4189086499999,2040.0444444444445,2548.2999999999997,22.294863658557016,24.913945229951402,6
896.1150000000001,1114.8336908850001,2183.35,2761.9999999999995,24.4074355283641,26.502851123273853,7
854.2941666666666,1059.5613988849998,2100.816666666667,2661.3,24.027699149492797,26.679307253528375,7
860.5788888888889,1057.5314486650004,2108.188888888889,2633.4,22.88605522619792,24.91290575902434,5
843.2727777777778,1056.8586804650001,2057.4777777777776,2614.9999999999995,25.328210315299327,27.097363006485814,6
908.7449603174604,1152.6190376599998,2216.906746031746,2835.6000000000004,26.83636091443573,27.907951251251895,6
810.1054166666667,1007.4238392350001,1999.8916666666667,2521.6,24.357129147492646,26.08682970327559,7
793.0322222222222,975.710873,1954.2388888888888,2448.0000000000005,23.03546383851574,25.266159317495045,7
881.5622222222222,1091.16216056,2153.655555555556,2719.5000000000005,23.775966466600966,26.27367421799627,7
821.3477777777779,1012.6224901500001,2029.3444444444444,2558.8,23.28790769845768,26.089979796431262,6
817.3805555555557,1001.0545734899998,2023.6555555555553,2529.7,22.471053010259695,25.00645147120997,6
801.5038888888888,987.237640565,1979.0222222222221,2487.3999999999996,23.173156643518062,25.688330937836856,7
890.5829166666667,1128.4228272999999,2165.5916666666662,2766.4,26.706093973095314,27.743380369491046,7
858.7916666666667,1074.5391267050002,2093.133333333333,2661.6,25.122211639027714,27.15864573048381,7
827.0772222222222,1029.61961359,2030.122222222222,2563.7999999999997,24.48893355128065,26.287962957895253,8
862.3166666666667,1076.252857135,2111.3166666666666,2667.2999999999997,24.809469506755065,26.33348858137496,8
824.01875,1011.1887055949999,2033.0583333333334,2549.7,22.71428357607153,25.41204343210351,7
854.3564285714286,1049.8790179399998,2110.290476190476,2638.2999999999997,22.885365267925113,25.02070353663792,5
863.0554166666668,1073.811220285,2123.3416666666667,2684.1000000000004,24.419730129534916,26.409237012413623,7
887.9231944444446,1115.085426335,2160.5361111111106,2740.7000000000003,25.583545211101978,26.852774452842898,5
841.9599999999998,1048.7960710800003,2064.366666666667,2613.6,24.566021079386257,26.605415704574433,9
870.1475,1103.5876337500001,2128.45,2724.8999999999996,26.827650915505714,28.022739552256333,4
894.9925000000001,1124.99577369,2177.5833333333335,2760.9999999999995,25.69890515171915,26.79193295319732,7
840.9719047619047,1032.88723206,2060.459523809524,2570.6000000000004,22.820658598866068,24.758577894667518,6
769.9636507936507,938.1414190099999,1920.679365079365,2386.3,21.842299703758442,24.24249686784109,6
877.8222222222224,1091.1251684600002,2147.5555555555557,2703.3,24.29910531289554,25.87800082781457,7
846.6477777777778,1040.98641885,2074.9777777777776,2605.3,22.953894898573854,25.557971169704647,6
850.9329166666668,1073.369911245,2077.241666666667,2647.4,26.140367850579658,27.447857535433602,6
873.1722222222221,1084.78275761,2147.5222222222224,2699.7999999999997,24.23468475087646,25.7169761533964,7
845.2678571428571,1061.7622025,2076.414285714286,2641.7,25.612513657969803,27.224129508974922,5
847.0122222222221,1053.63303574,2081.7222222222226,2614.6,24.394076979867805,25.597929065143685,9
891.6451785714286,1127.8622623499998,2179.482142857143,2780.6999999999994,26.492273995922044,27.58535366363237,6
880.5795833333334,1089.1658780149996,2156.6416666666664,2717.7000000000003,23.687387106124653,26.015371120994477,7
885.1930357142858,1115.2253869500003,2164.4964285714286,2757.3,25.98668786973626,27.387597577133587,6
847.3222222222222,1067.0306602800001,2080.4222222222224,2655.9,25.92973868684354,27.661585789209447,6
879.2062500000001,1109.5427676000002,2143.241666666667,2742.3,26.198234782794145,27.951039896729647,6
818.2204166666668,999.5031545,2019.9916666666663,2515.1,22.155733851259505,24.510414646925128,6
855.3045833333333,1047.1392712,2107.8083333333334,2626.7,22.428815606136407,24.61759252303932,6
888.4418055555556,1120.0345630499999,2167.480555555556,2762.8,26.067296253537506,27.465964708128862,8
834.5498412698413,1050.95941425,2048.936507936508,2598.9,25.931294007661954,26.841412114685905,7
842.7561111111111,1046.487688465,2073.711111111111,2609.3,24.17444082194599,25.827555536504605,8
844.7305555555556,1033.5954660450002,2074.338888888889,2586.7000000000003,22.358006259786997,24.699971342944615,7
840.1572222222222,1029.97376125,2071.9555555555557,2593.2,22.592978314905352,25.157124777451234,6
805.4227777777779,989.751527955,1986.2444444444443,2501.4999999999995,22.885961915032873,25.941195556102514,7
828.5238888888889,1028.383888985,2043.7888888888892,2584.8999999999996,24.122418529674274,26.475880853099593,8
824.0612500000001,1015.91611619,2037.4083333333335,2558.0,23.281626965228607,25.551660810915816,5
816.3727777777779,996.7976101000003,2017.511111111111,2520.7,22.10078988833399,24.941071507247656,7
852.4472222222223,1057.822936665,2105.9222222222224,2660.2000000000003,24.092484448173717,26.31995483636095,7
881.5044444444444,1093.54054507,2159.0444444444447,2712.7000000000003,24.053889003269667,25.643546013153962,7
824.0284920634921,1027.3331337799998,2029.9634920634921,2573.1000000000004,24.672040308630848,26.7559741867279,7
886.2855555555556,1112.7548012,2168.7555555555555,2752.7,25.55262739247571,26.925323278070373,7
839.63875,1026.6556550500002,2066.925,2570.9,22.273496197025235,24.382839241868954,6
798.8750000000001,983.9963690500001,1964.1999999999998,2464.1,23.172757821937093,25.450565115568686,6
786.1812500000002,964.8056695,1951.675,2448.8,22.720513812813493,25.471710197650747,6
889.9790277777778,1115.4780902899997,2167.652777777778,2743.9,25.33757037795363,26.583926546251387,6
835.7793055555555,1038.25391843,2057.780555555556,2577.3,24.225846647382173,25.24659118980669,6
908.3972222222222,1123.9867459099999,2222.755555555556,2785.8,23.73295717047423,25.33092057906101,6
804.8372222222223,980.1133831950001,1998.0222222222224,2506.0,21.777839808256605,25.42403043009197,6
859.0475,1087.99178585,2099.9500000000003,2693.8999999999996,26.650946059443747,28.28400676206573,6
836.4376785714286,1052.7767556000001,2061.8988095238096,2608.5999999999995,25.864339038153098,26.514452986296117,5
882.8372222222224,1088.93034736,2171.522222222222,2713.1,23.34440822726221,24.940006242420846,6
907.7355555555555,1152.5208534,2218.422222222222,2841.8,26.96658694774055,28.100051087359404,6
893.3266666666666,1109.58417673,2182.7000000000003,2740.4,24.20811088851411,25.5509231685527,8
847.74,1037.3353573000002,2085.8333333333335,2612.6,22.36480020997006,25.25449460647222,7
853.0254166666666,1058.774985375,2094.891666666667,2640.4,24.11998103319508,26.039930465775868,7
852.20125,1057.9696877,2098.475,2645.0,24.145521694552777,26.043912841468213,8
880.6294444444445,1089.9626888700002,2151.7444444444445,2709.3000000000006,23.770865912576433,25.911792499109275,6
880.3661111111111,1094.838412835,2152.9111111111115,2714.5,24.36171713302359,26.08509408449539,8
835.4811111111112,1023.2087304050002,2059.961111111111,2552.4000000000005,22.469403173487542,23.90525171726545,5
864.4077777777779,1072.4092955249998,2121.9444444444443,2657.9,24.06289289552123,25.257756250818183,8
846.3630555555555,1037.2519243500003,2087.0055555555555,2601.3,22.554017161009547,24.642696473682403,7
820.1119047619047,1005.5936009850001,2033.8761904761905,2540.5,22.616632577348636,24.909274807194333,5
857.818888888889,1066.820854735,2109.788888888889,2666.0,24.364346431777225,26.363353890067998,6
929.3717857142858,1183.24485108,2267.288095238095,2904.6,27.316631435136085,28.10899532796156,5
876.0233333333334,1073.690148235,2145.2333333333336,2672.3,22.564103874896766,24.56919993163136,6
900.5211111111112,1131.7046031500001,2191.3777777777777,2784.2999999999997,25.67219015594675,27.057051880095717,7
848.3549999999999,1037.80699434,2091.7,2612.2999999999997,22.331688307371348,24.88884639288617,7
842.7561111111111,1046.487688465,2073.711111111111,2609.3,24.17444082194599,25.827555536504605,8
866.5493452380953,1092.052202785,2123.2488095238095,2703.6000000000004,26.02308325383882,27.333169239188166,7
869.6927777777778,1061.6299902500002,2127.9777777777776,2651.2,22.06954195510933,24.58776720725989,6
858.2883333333334,1067.4402382849999,2103.6,2661.9,24.368489798688447,26.540216771249295,7
869.4292460317461,1108.4963885700001,2126.1948412698416,2722.3,27.497021020330948,28.03624329998575,6
873.6300000000001,1090.33523798,2139.9,2707.7000000000007,24.80515069079587,26.533950184588093,6
889.6832142857143,1118.0148212,2173.9690476190476,2756.3999999999996,25.664371682858217,26.79113361889104,6
806.6287500000001,980.94142945,2001.4916666666666,2491.8,21.610025609674825,24.49714587869882,6
807.9275,988.9907737999999,1995.0,2489.7999999999997,22.4108318877622,24.802005012531314,7
846.0683333333334,1052.0506442250003,2075.2999999999997,2610.9,24.345824418240475,25.808316869850163,8
870.7850000000001,1067.1839286900001,2151.3333333333335,2687.4,22.554238840816048,24.917880384257817,6
854.5672222222222,1059.4191864400002,2110.2722222222224,2668.4,23.971427746208146,26.44814123506972,7
859.3277777777778,1082.47234658,2107.011111111111,2682.3999999999996,25.967340352859797,27.308298748622317,7
762.9850000000001,934.1456845050001,1893.9666666666667,2372.6,22.433034005255664,25.271476090744287,6
890.8780555555555,1128.1570631999996,2160.938888888889,2761.4,26.634285822258335,27.787047296828288,7
810.55125,988.9778873,2006.375,2489.5,22.012998844921903,24.079496604572924,6
869.2166666666666,1063.3309818999999,2139.8,2671.9,22.332097700995146,24.866809982241325,7
882.6575,1108.7395537500001,2168.35,2759.4,25.613791731220786,27.258053358544522,7
884.8308531746031,1112.1501288000002,2160.5496031746034,2739.5,25.69070402663053,26.796440867393923,6
839.4568253968255,1050.1750995799998,2055.506349206349,2609.1,25.101740531273215,26.93222772128136,6
901.2385714285715,1106.0002677500001,2207.2428571428572,2768.8999999999996,22.720032498926088,25.4460962933718,5
874.803888888889,1077.944811435,2139.5555555555557,2671.6000000000004,23.221309956009176,24.86705442459494,5
828.7350000000001,1024.3379466,2032.0166666666667,2562.8,23.60259269851035,26.12101278696862,6
873.2455555555556,1102.0326682300001,2138.8555555555554,2714.8999999999996,26.199630930716964,26.932367777160156,7
858.6376388888889,1083.3068946650003,2105.813888888889,2675.0,26.165782351079127,27.02926949595894,8
894.3255555555554,1107.35207438,2195.822222222222,2763.6,23.819795543258564,25.85718333805611,6
857.25875,1082.9108930950001,2093.7250000000004,2670.3999999999996,26.322524336438693,27.543015438990277,8
849.307361111111,1042.0599504,2100.436111111111,2627.5,22.69526888789934,25.09306929645563,6
847.0122222222221,1053.63303574,2081.7222222222226,2614.6,24.394076979867805,25.597929065143685,9
789.5895238095238,985.894791825,1944.0142857142857,2460.5,24.861685989495438,26.567999941211482,6
890.2411111111111,1103.598164705,2177.711111111111,2751.6,23.966209932452767,26.352847536149056,6
800.2781944444445,995.694385055,1974.6694444444443,2498.7999999999997,24.418532451232668,26.54269842631889,6
827.4233333333334,1013.50208354,2043.3333333333335,2556.2,22.48894159861738,25.09951060358889,6
788.6122817460317,968.1128066499999,1954.0210317460317,2446.7000000000003,22.761568524718378,25.213595977200473,7
822.8806944444444,1006.2883728500001,2031.8194444444446,2517.3,22.28848964908341,23.89388274056504,7
868.1594444444444,1079.0427182899998,2117.3944444444446,2680.9,24.29084601855649,26.613159254954326,7
782.1725,959.2781698500002,1942.65,2433.3000000000006,22.64278913538895,25.25673693151111,5
847.2609523809524,1038.4153878,2079.7809523809524,2602.1,22.561459356986763,25.114137477847937,5
800.4904761904762,980.2303572299999,1979.6690476190477,2452.9,22.453718861828737,23.90454874010928,5
896.7587500000001,1131.14708345,2180.125,2775.0000000000005,26.13727866608494,27.286279456453205,7
846.7716666666668,1055.32770832,2069.8666666666663,2617.6,24.629548892952247,26.46225199690803,8
899.6592857142858,1151.4171127800003,2179.171428571429,2808.9,27.983685720070227,28.897615083059083,6
854.7766666666666,1056.3951684499998,2103.4333333333334,2637.8000000000006,23.58727251757767,25.40449740899801,8
856.6341666666666,1065.4123216349997,2103.8833333333337,2645.7999999999997,24.371915467804683,25.75792383924961,7
806.0198412698413,1010.1332641750001,1976.6269841269843,2498.0,25.32362262740195,26.3769046997651,5
760.6083333333333,934.90497017,1887.7666666666667,2369.1,22.91542561370832,25.49750145674783,7
869.6027777777778,1084.0806148349998,2120.8777777777777,2677.6,24.663885918730433,26.249613629576853,8
860.156111111111,1054.8310219999998,2116.6111111111113,2636.7000000000003,22.632509189223395,24.57177353736319,6
818.4163888888888,1005.3161210049999,2020.838888888889,2537.9,22.836753351170398,25.586458868841596,6
814.2630952380953,1010.2052375000001,2003.0428571428572,2508.9,24.06373853952084,25.254434324919945,7
878.4870833333333,1111.02663704,2145.4916666666672,2737.4,26.470457917755382,27.588470397228267,7
862.7705555555555,1078.24644973,2111.022222222222,2672.9999999999995,24.974878058477,26.621120889300602,6
809.2524999999999,986.90508925,2012.0500000000002,2505.2,21.952677223734252,24.509828284585353,6
852.8507936507938,1053.9673713799998,2099.850793650794,2626.5000000000005,23.581683833380442,25.080315608214036,8
898.5361111111112,1117.83072382,2192.344444444444,2757.6,24.40576511028741,25.7831545124195,6
913.6258333333334,1148.65309495,2234.583333333333,2838.0000000000005,25.72467338835828,27.00354279321279,6
825.5949999999999,1014.4120533500002,2043.8999999999999,2567.0,22.87042113263771,25.593228631537755,5
868.9864285714285,1079.7227686,2138.0714285714284,2681.6,24.250820622712357,25.421441218721814,6
800.7580952380953,995.679434535,1961.2380952380952,2478.7000000000003,24.342100374139505,26.384451027048044,5
838.52,1061.6583629499999,2048.866666666667,2616.6000000000004,26.610976834184022,27.709628087072538,7
841.0911111111111,1045.630962495,2063.311111111111,2593.9,24.318394128988533,25.71540888970264,9
841.02,1029.1273206,2076.1333333333337,2604.4,22.366569237354653,25.44473701111038,6
867.435138888889,1090.6207044799999,2120.9305555555557,2690.3,25.729366448884313,26.845265770396907,8
770.0380357142857,946.65517995,1917.3392857142858,2406.8999999999996,22.936158481039794,25.53333767963414,6
916.5428571428571,1166.5207144849999,2228.347619047619,2847.6999999999994,27.27399547047912,27.794244293764518,7
834.1277777777777,1027.16274825,2040.2611111111112,2550.0,23.142134288644836,24.98400259226079,7
921.1433333333333,1189.8117261850002,2236.0333333333338,2899.2000000000007,29.16683898470382,29.658174445819242,7
806.625873015873,1002.034622735,1992.6444444444446,2502.9,24.2254502683528,25.606954465868913,7
793.3023611111112,973.0686213999999,1956.1861111111111,2449.7999999999997,22.66049732123643,25.233482953649872,6
885.7500000000001,1132.9698812149998,2158.666666666667,2769.6,27.91079663731297,28.301420630018505,6
910.5966666666666,1136.94711309,2220.4666666666662,2798.2999999999997,24.857377004454957,26.023058215990645,6
805.3033333333333,984.3508734099998,1993.8333333333335,2504.1,22.233552583912466,25.592242748474447,7
779.2147222222223,958.3213490400001,1932.0055555555555,2425.1,22.98552911153785,25.522413381604036,7
863.4022222222222,1095.8225791399998,2101.722222222222,2690.7,26.91912887594552,28.023578546694505,6
812.6422222222222,996.13108043,2002.7555555555552,2517.5,22.579291746128536,25.701810838400444,7
886.9462500000001,1123.4675295499997,2151.8250000000003,2744.8,26.666923677731265,27.55684128588523,6
868.3859722222222,1093.742321685,2122.5138888888887,2700.0,25.951173403467703,27.207648163537744,8
766.0721428571428,937.31723243,1906.1857142857143,2379.7,22.353650523589263,24.840931403775667,7
826.3304166666668,1025.8025595450001,2044.5916666666667,2586.2000000000003,24.13951354749638,26.489804402672103,7
820.7638888888889,1007.6506749600001,2030.5388888888888,2544.9,22.76985971253067,25.331261268902356,8
870.734761904762,1081.8743446150002,2133.9380952380952,2682.8,24.248438439320275,25.72061045194778,7
799.746765873016,993.3403246800003,1984.998015873016,2507.4,24.20685735385933,26.317506614596194,7
817.1325,1000.5017855500002,2017.95,2505.0999999999995,22.4405816131411,24.140835996927546,5
819.6825,1037.73291665,2014.2833333333335,2566.7,26.601814318348886,27.424973315571272,7
886.5470833333334,1117.8691964500001,2160.025,2759.6000000000004,26.09247917740786,27.757780581243285,7
847.1150000000001,1034.6462199999999,2085.9000000000005,2604.9,22.137634205509254,24.88134618150436,6
855.0786111111111,1056.674472105,2095.7361111111113,2639.5000000000005,23.57629560303585,25.94620028762104,6
829.2338888888888,1031.5811512700002,2041.388888888889,2582.7999999999997,24.401711639190424,26.52170363314735,8
825.2388888888889,1013.3050397650001,2025.238888888889,2532.9,22.78929815454111,25.066727381954934,7
847.7701388888889,1050.377861675,2081.463888888889,2614.4000000000005,23.89889823810667,25.60390857396039,8
845.2383333333333,1059.082380735,2065.1,2618.6,25.299852002492397,26.802576146433587,6
800.7387500000001,979.73169655,1977.825,2474.3,22.35347628049722,25.10206919216817,5
859.5247222222223,1054.1138589000002,2113.1222222222223,2635.0,22.639155296741848,24.696999174470633,7
801.475,978.43883941,1988.6,2495.2999999999997,22.0797703496678,25.48023735291159,6
849.6125,1066.7433046500003,2091.616666666667,2674.2000000000003,25.556451282202215,27.853255456305735,5
801.3980952380953,984.996636385,1971.9238095238095,2456.9,22.909780075326683,24.59406332708692,6
847.1927777777779,1062.203849755,2080.777777777778,2645.5,25.37923806919189,27.139958348907992,6
847.6309722222222,1055.2418200599998,2090.697222222222,2649.4,24.493070055414222,26.723275462332488,6
814.1356944444444,1005.7349501199999,2015.9694444444447,2520.0,23.534068949808212,25.001894594412104,7
803.5075,994.6819050000001,1989.5833333333337,2510.2,23.792485446619985,26.167120418848135,7
891.4927777777777,1114.7353372399998,2182.3444444444444,2754.9999999999995,25.041432194066488,26.240383685231457,5
858.996388888889,1065.1242461450001,2108.347222222222,2658.1999999999994,23.99635899782272,26.07980184583762,6
872.205,1064.91672585,2138.7000000000003,2664.5000000000005,22.094774261784774,24.58502828821247,5
873.553888888889,1095.4932635950001,2121.988888888889,2696.0,25.406489230836744,27.05061813078924,5
855.7422222222223,1065.5808236950002,2093.472222222222,2637.9,24.521239693871998,26.00597094141844,8
817.9205555555556,999.0521231000001,2021.088888888889,2507.2000000000003,22.145374182632533,24.05194119781417,8
804.0993253968254,1015.062341,1989.9146825396829,2529.3,26.23593988206167,27.10595193819627,5
758.8446825396826,948.306366675,1881.4063492063492,2382.0,24.967122850651304,26.607417956510076,6
813.5724999999999,998.6814732899999,1999.2833333333338,2492.7000000000003,22.75260942202447,24.679676884216832,6
829.8178571428571,1031.405932575,2047.1428571428573,2580.7000000000003,24.293051022814822,26.063503140265176,7
899.6592857142858,1151.4171127800003,2179.171428571429,2808.9,27.983685720070227,28.897615083059083,6
858.2225000000001,1084.0135714,2108.016666666667,2690.4,26.30915309258379,27.62707442224523,4
832.9547222222221,1023.5768552500001,2046.3055555555554,2555.4,22.885053405930787,24.878710956059034,7
774.6677777777777,946.0002775500001,1927.977777777778,2418.6,22.116900261904405,25.447504005348122,6
828.0572222222222,1019.8966567950001,2037.3888888888891,2543.4000000000005,23.167412761396672,24.836255555858543,7
856.5266666666668,1060.7221142199999,2115.733333333333,2675.7999999999997,23.83994048288044,26.4715149987396,6
850.7977777777779,1057.1902757550001,2093.477777777778,2644.3,24.25870205212623,26.31134794308247,7
814.8205555555555,996.4486803300001,2009.0888888888887,2522.3,22.290567356957276,25.544470130186173,7
874.3281944444445,1100.1606050100002,2134.269444444444,2704.8000000000006,25.829249474112114,26.731889782738612,6
847.8527777777779,1056.6884428199999,2082.8777777777777,2622.2000000000003,24.631123529438714,25.89312863079395,8
841.8805555555556,1047.9274300550003,2062.7722222222224,2613.9000000000005,24.474597155112427,26.717820408888812,8
925.3607142857144,1174.2802979849996,2246.1571428571424,2868.6999999999994,26.899735406578845,27.715908440447492,5
857.51375,1047.807216985,2110.4583333333335,2637.8000000000006,22.191302120228396,24.9870683698249,7
872.3294444444446,1070.18924635,2130.161111111111,2659.1000000000004,22.681775006639302,24.830933497466308,7
878.11875,1067.8202085,2175.925,2689.4,21.60316682681016,23.598010041706395,5
892.7144444444446,1107.9651986,2184.6777777777784,2750.8,24.111938088949653,25.913305292923926,7
816.5709722222223,1020.0601587400001,2007.1305555555557,2536.9000000000005,24.919963290392367,26.39436896509253,8
826.0247222222223,1024.3720037849998,2038.0722222222223,2568.9999999999995,24.012269394210325,26.050488887919656,8
861.2005555555555,1057.1940867500002,2105.9555555555557,2623.6,22.75817519277033,24.58002701333782,6
838.5427777777778,1037.54048615,2060.8777777777777,2603.7999999999997,23.73137228604915,26.344222256967086,7
840.885,1038.9636308499998,2051.0,2591.3999999999996,23.555971488372354,26.34812286689418,5
875.661111111111,1092.625098755,2145.6111111111113,2709.6,24.777163778415044,26.285699489914798,6
886.8900793650794,1096.5878770900001,2164.4650793650794,2710.1,23.644169960164902,25.208765243511166,6
815.34,996.8832138299999,2013.966666666667,2522.8,22.265952097284558,25.26523113590095,7
827.7450000000001,1033.08714253,2028.9666666666667,2573.3000000000006,24.80741563283376,26.82810626098674,7
825.8844444444445,1013.53107091,2036.3444444444447,2559.3,22.720687830823785,25.681095208734604,8
849.5280555555556,1052.44731203,2089.6055555555554,2617.8,23.886115961378536,25.277232013484756,7
860.3327777777779,1052.62540929,2109.677777777778,2646.8,22.350959591346754,25.45991752294979,7
817.5556944444445,1016.8829862200001,2017.4694444444444,2540.7,24.380882321540795,25.93499281966269,6
867.6912500000001,1084.0954314899998,2120.275,2682.4000000000005,24.940228622796376,26.511891146195676,7
838.8868055555556,1061.7859721200002,2058.963888888889,2623.8,26.570827564373108,27.4330265896952,7
845.1287500000001,1066.1821728,2070.225,2637.9,26.156183043116197,27.42093250733617,6
817.2169444444445,1020.1830159550002,2003.2944444444445,2528.5999999999995,24.83625344412491,26.222084178006753,7
854.3731944444444,1062.6787750449998,2096.769444444444,2633.3,24.381099729610085,25.58843829859959,9
805.8222222222221,990.6942761599998,1997.5222222222224,2509.3,22.942039675693565,25.620630002725598,7
794.585,974.7638684799999,1952.1999999999998,2430.0,22.675845690517676,24.47495133695319,5
794.698888888889,975.8431649899999,1966.6222222222223,2462.3999999999996,22.79407693074523,25.209609256706344,7
854.9833333333332,1067.99090283,2091.7999999999997,2652.5,24.913651669233346,26.804665838034246,7
815.2454166666668,1010.9763393850002,2015.2416666666668,2535.0,24.008834483072334,25.79136497277001,7
847.6827777777779,1052.700802945,2084.777777777778,2617.1000000000004,24.185701366339202,25.53376325747483,8
853.1650000000001,1046.21377955,2088.3,2603.2000000000003,22.627367455298792,24.656419096873055,6
856.0150000000001,1053.022263,2101.233333333333,2642.7999999999997,23.014463882058134,25.773751923473515,6
835.6436111111112,1035.0527780549999,2062.061111111111,2578.5,23.862943998188985,25.0447906759957,6
745.0816666666667,906.774910765,1864.466666666667,2313.5999999999995,21.701412252124477,24.089105016626693,5
895.4562500000001,1128.25662215,2192.8083333333334,2784.3999999999996,25.997961614540078,26.978722110535557,7
905.60125,1137.2632883499998,2210.125,2802.9,25.581020162019403,26.82088117187942,7
873.7787500000001,1098.02370455,2140.758333333333,2729.6,25.663814157760186,27.50621859076418,6
881.1328571428572,1086.5793427,2159.4142857142856,2716.3,23.31617574940053,25.788739009916725,5
897.28125,1131.5116963500002,2183.525,2777.7000000000003,26.104462380106593,27.211733321120672,6
928.0759722222223,1164.3116771500002,2256.2805555555556,2863.5,25.454349859109662,26.912408696219565,6
865.715,1059.2771428400001,2138.8333333333335,2667.8,22.358644916629615,24.731551468869323,5
888.2736111111111,1127.54959335,2157.061111111111,2765.6000000000004,26.937193590563457,28.21148115620277,5
823.7258333333333,1022.6304166150001,2031.283333333333,2547.5,24.146940065818836,25.413326550538674,8
846.3000000000001,1036.2499109500002,2088.4,2615.2,22.44474901926032,25.22505267190192,8
823.4794444444445,1023.6381944299999,2028.6444444444444,2570.3,24.306465854844895,26.70036915729169,8
862.5942857142857,1061.2375000999998,2112.9380952380952,2638.7999999999997,23.02857991010505,24.887709959275835,7
880.09375,1115.81909244,2140.5583333333334,2745.8999999999996,26.784117310229746,28.27961552087265,6
839.6755555555555,1042.39222193,2063.9555555555553,2595.5999999999995,24.142261261889516,25.758521931996803,9
844.4655555555555,1066.1274005149999,2075.522222222222,2639.7,26.248772789035527,27.182449396938935,7
919.9678571428573,1154.4759228,2230.742857142857,2833.3999999999996,25.490897734781093,27.015984425431633,4
814.7829166666667,997.996354585,2012.7083333333335,2521.6000000000004,22.48616584499245,25.283925059517657,7
785.3435714285714,958.7172331150001,1947.5857142857144,2422.1,22.076154691258896,24.364231172660645,5
848.7127777777779,1058.4547519,2076.744444444444,2618.7999999999997,24.712951143660025,26.101216112826172,7
830.0400000000001,1014.78348185,2052.8,2573.7999999999997,22.257178190207693,25.379968823070904,6
856.8404166666667,1072.0868898850001,2084.925,2636.5,25.120952400412964,26.455388083504193,6
805.3176388888888,1000.112995345,1996.3472222222224,2519.7,24.18863651426706,26.215518620814386,6
850.55375,1064.1254018999998,2087.741666666667,2643.1000000000004,25.10971845106788,26.60091246921515,6
830.9187896825397,1029.396542505,2049.95753968254,2576.5,23.886540452201192,25.685530071954634,6
894.6305555555555,1114.0444640399999,2185.4555555555553,2766.8999999999996,24.52564437039498,26.605182748575178,7
851.03,1069.90121042,2067.6,2622.4999999999995,25.718389530333848,26.837879667247034,7
825.8712499999999,1015.0045979999999,2047.375,2572.1,22.90106938581528,25.6291592893339,6
876.7065277777778,1088.4522269350002,2142.736111111111,2699.4999999999995,24.152403620621207,25.983782417340233,7
815.2926984126984,1006.2783832399999,2009.4079365079365,2518.9999999999995,23.425413375973246,25.36030908575295,6
861.1055555555556,1066.353581435,2110.155555555555,2668.0999999999995,23.83540839508641,26.44091536169003,6
850.4072222222222,1064.38927556,2076.688888888889,2639.7,25.16230433445937,27.110999347251493,6
898.6012499999999,1134.01169699,2189.075,2785.3999999999996,26.19743150702273,27.24095793885545,6
785.7679166666668,960.9022345999998,1946.9972222222225,2436.7000000000007,22.288300937034478,25.15169370497877,5
792.4706944444445,988.4856936099999,1957.8861111111112,2480.2,24.734668491807163,26.67743981249617,6
839.817638888889,1064.5399897900002,2056.6805555555557,2620.5,26.758469993369932,27.414050418352115,6
850.4866666666667,1061.2522318350002,2077.7166666666662,2620.6,24.781760070900603,26.128843361703172,8
867.15125,1064.57727709,2122.508333333333,2647.7999999999993,22.767196275159616,24.74862682125313,6
830.3427777777777,1015.8725074500001,2055.477777777778,2528.2000000000003,22.34375183809634,22.99816749822966,6
868.46,1064.42583509,2133.35,2671.0,22.564750833659573,25.202146858227675,6
884.095,1091.75464305,2160.2999999999997,2719.2,23.488385642945595,25.871406749062636,5
841.196111111111,1058.0583443050002,2052.6444444444446,2619.7,25.780222985986267,27.625610323809916,6
901.7150000000001,1123.6322323,2197.3,2774.2,24.610573440610366,26.254949255904954,5
831.1827777777778,1014.1188204700001,2042.4777777777776,2551.9,22.009123334017325,24.941383831185448,6
876.4322222222221,1090.41588276,2143.0888888888885,2709.1,24.415311887462945,26.410995551592215,8
832.1977976190476,1044.7047023999999,2057.7440476190477,2615.2,25.53562451005558,27.090636127752003,5
878.4565079365079,1101.75816428,2141.236507936508,2709.7,25.41977369693887,26.548374733780122,6
840.6005555555554,1048.43400792,2066.2555555555555,2601.9,24.7244010238712,25.923436382506207,7
906.2157936507937,1158.218978495,2208.1650793650792,2838.2,27.80829760525171,28.532057069577267,6
863.0006944444445,1087.7762896399997,2110.8194444444443,2688.9999999999995,26.045818577267095,27.391284322176073,8
860.8353571428572,1085.21818455,2106.1642857142856,2681.0,26.06570763448625,27.293014043810185,6
843.5831944444445,1032.22561535,2079.6694444444447,2587.9,22.36204112977725,24.43804504188031,6
866.6683333333334,1078.10155768,2124.1333333333337,2680.4,24.396094355203157,26.187935471721786,8
848.0127777777778,1039.6560605399998,2085.811111111111,2616.2000000000003,22.599103195641014,25.428423794633595,8
910.6881944444444,1127.78145327,2229.3194444444443,2794.5,23.83837411640006,25.352156550018382,6
821.42375,1008.46714317,2032.8749999999998,2545.2,22.770633691806445,25.20199225235197,7
815.4219444444444,1016.4991367350001,2002.7944444444447,2529.3,24.659281450605516,26.288546835948654,8
873.049126984127,1086.7748113300001,2148.2841269841274,2701.5,24.480373181766993,25.751522625291923,6
806.9469444444445,992.0251092500001,1980.5944444444444,2482.9,22.93560513237653,25.361353353510594,6
837.3277777777778,1047.165902805,2049.1444444444446,2589.7999999999997,25.060451903807756,26.38445313220149,7
828.4398611111111,1031.40875008,2035.9361111111111,2560.7999999999997,24.500135555605095,25.77997836103238,8
829.6845238095239,1014.96247055,2050.3809523809523,2565.3999999999996,22.331132065687616,25.1182126434112,7
877.5569444444445,1107.558135145,2136.894444444444,2720.3999999999996,26.20926108061996,27.30624140432247,7
831.6100000000001,1050.2226192399996,2037.1333333333334,2595.9,26.28787763975896,27.42906698956049,7
809.4183333333333,998.6631546149999,1996.7333333333333,2508.1,23.380347774224703,25.610163266668888,6
817.8573611111111,1023.5256846599999,2009.702777777778,2542.6000000000004,25.14721188906038,26.51622061305362,8
791.2771428571428,987.728749855,1951.419047619048,2463.5,24.827155538514596,26.241465307297723,7
886.1706944444444,1112.56227188,2173.0527777777775,2750.6,25.547174924068596,26.577689604614108,7
963.8110714285715,1268.1993751500002,2327.9785714285717,3060.8,31.58173969409388,31.478873455511668,5
845.202361111111,1038.4393994,2078.286111111111,2596.4999999999995,22.862813354527038,24.934675072809707,6
855.4666666666667,1072.13628998,2079.3333333333335,2642.5,25.32765235115335,27.084001282462317,6
833.6061111111111,1034.5705739750001,2061.7444444444445,2601.4,24.107844242651254,26.174706424441005,8
868.0245833333333,1075.905163515,2132.4083333333333,2691.6,23.9486973264486,26.22347971190633,8
797.1600000000001,974.1013392,1975.9,2463.5,22.19646485021826,24.677362214686973,5
821.7877777777777,1024.00459284,2024.3777777777775,2543.8,24.60693874141608,25.658364161278666,7
846.1913888888889,1048.855258195,2072.138888888889,2602.100000000001,23.9501219188987,25.57555933884743,6
818.0756944444445,1012.1875994200002,2022.5527777777777,2544.0999999999995,23.727866051243243,25.78658158899848,7
864.7199999999999,1088.8400596499998,2120.8333333333335,2687.4,25.918223199417145,26.714341846758344,7
867.0100000000001,1077.201041235,2122.516666666667,2672.3,24.24320840993759,25.902427150159788,7
844.5023611111111,1034.959667745,2074.9861111111113,2585.2000000000003,22.552607950474442,24.58878573484428,7
820.0226785714285,1038.9537206,2017.0130952380953,2567.4,26.698169178683436,27.287225157897907,6
875.541111111111,1089.79281737,2133.9444444444443,2688.0,24.470776247958412,25.963916586394525,7
849.5855555555556,1052.5903179900001,2081.3555555555554,2613.1,23.8945637795945,25.547986888886523,8
869.1721825396825,1107.9149806250002,2129.1789682539684,2732.5,27.467836969623434,28.33585343184113,6
833.96625,1032.9056698,2047.975,2581.7,23.854612797580238,26.06110914439873,5
853.2355555555555,1067.96862051,2083.888888888889,2641.1000000000004,25.166914758331686,26.739002932551323,7
820.032361111111,1005.1166467,2032.7361111111113,2536.2000000000003,22.57036360590786,24.76779381922286,6
820.7311111111111,1019.1102183549999,2024.711111111111,2567.7000000000003,24.171023196052836,26.818092018614472,8
830.8758333333334,1035.451100965,2039.6833333333332,2583.2,24.621641336100154,26.647110254042705,6
844.3533333333334,1031.79836245,2081.233333333333,2609.3,22.199832903681713,25.37277575796405,7
820.0863888888888,1009.9787101900001,2019.6055555555556,2536.1,23.155160709152963,25.574025731097098,7
839.26,1030.77235129,2065.5,2578.2000000000003,22.819192060863138,24.822076978939737,6
843.3212500000001,1065.7196725500003,2069.075,2643.6000000000004,26.37173230841748,27.767238983603814,7
856.2316666666667,1046.4499683,2109.9666666666667,2645.7,22.215751768894307,25.390606486674347,7
917.5457142857142,1168.45267882,2230.195238095238,2858.4999999999995,27.345445641322677,28.17263489636823,6
840.4288888888889,1026.37102155,2069.488888888889,2595.1,22.12467171457431,25.398112255307254,5
858.76,1048.4300895499998,2128.5,2660.6000000000004,22.08650723717917,24.99882546394176,5
799.6373412698413,1007.608789935,1978.001984126984,2505.4000000000005,26.00822121874594,26.66316920333071,6
777.6737500000002,949.99169645,1935.9249999999997,2418.7999999999997,22.15812819321724,24.94285677389362,5
854.1425,1061.311428365,2094.9,2632.4,24.25460954875796,25.657549286362116,9
863.5572222222223,1078.7932045599998,2108.6222222222223,2675.8,24.924345115648865,26.898027147795304,8
836.7268253968255,1035.487817365,2050.3968253968255,2568.5,23.754585837965724,25.268434294561633,6
830.5316666666665,1013.80075217,2047.6333333333332,2556.7999999999997,22.06647775862452,24.866105585309864,8
863.478888888889,1074.1816664199998,2115.9555555555557,2683.6000000000004,24.401613084280484,26.82686046755866,7
838.7575000000002,1055.1657291000001,2059.0833333333335,2614.6,25.80104846752487,26.978833623376083,7
946.6292857142857,1206.7410416300002,2298.4714285714285,2947.2000000000003,27.47767894371082,28.22434785851468,5
825.7694444444444,1024.7147019600002,2028.2444444444443,2548.2999999999997,24.092106925729233,25.640674474915357,8
765.5778571428572,940.2438519500001,1900.7285714285715,2383.6,22.814922502983286,25.404544122178702,6
832.01,1018.6511606500002,2055.7,2581.8999999999996,22.432562186752588,25.597120202364152,6
834.87125,1050.90872005,2052.975,2613.4,25.87674088070466,27.298189213214975,7
858.7027777777779,1068.16908745,2109.777777777778,2650.3,24.39334250371198,25.619865178007167,7
874.7750000000001,1080.2913394,2138.0,2693.1,23.493622863021905,25.963517305893355,5
803.281388888889,991.06817468,1991.8388888888892,2501.9,23.377460051808317,25.607548580178545,5
809.7036111111113,1010.5150991550001,1994.5611111111111,2517.9000000000005,24.800616582199307,26.238298038276337,5
837.4838888888889,1036.847162535,2062.0555555555557,2609.5,23.805027928431127,26.54848182773392,7
855.0638888888889,1083.61064479,2095.6222222222223,2670.6,26.72861746016379,27.43709107875677,6
875.6993055555555,1102.037430285,2139.247222222222,2717.1000000000004,25.84655752191702,27.011968124820687,7
840.4580158730159,1026.9970207949998,2057.7396825396822,2570.9000000000005,22.194922458823676,24.93805809425665,6
853.5978571428573,1047.4166073,2104.7142857142853,2636.1,22.70609614765063,25.247403787416022,7
911.0500000000001,1150.1099109499999,2219.25,2819.4,26.240042912024563,27.04291990537344,6
839.6194444444445,1043.60105184,2065.911111111111,2615.6000000000004,24.294531140893856,26.60757696362113,6
867.29,1060.7445847000001,2129.3666666666663,2670.6000000000004,22.30563994742245,25.417573300355386,5
806.2352380952383,989.2937792350001,2002.4952380952384,2490.7000000000003,22.70535105513927,24.379821365724663,6
860.5711111111111,1079.81373015,2111.111111111111,2682.2,25.47640935283288,27.05157894736843,6
895.00125,1124.96714255,2177.675,2766.2000000000003,25.694477247936806,27.02538257545318,6
772.978888888889,948.636468195,1921.7888888888888,2400.6000000000004,22.724757665582352,24.91486520082565,7
811.1107142857144,1007.9524111250001,2001.1285714285714,2507.3,24.268166277723232,25.294298217434463,7
896.8693055555556,1122.35490031,2190.8805555555555,2773.6,25.14141061107782,26.597499483338133,4
863.1544444444446,1075.9402579750001,2109.9944444444445,2660.2999999999997,24.6521135238447,26.080900686942286,8
809.7605555555556,1009.3363589300001,1995.3055555555554,2524.4,24.646273766387736,26.5169634280464,6
863.2270833333333,1084.5014590399999,2122.758333333333,2684.2999999999997,25.633391256935564,26.453395935319996,7
899.0779166666666,1125.4437103999996,2192.697222222222,2783.2000000000003,25.17755019193272,26.93042941785297,4
826.8589285714286,1039.5584523500002,2044.7214285714285,2593.3999999999996,25.723798392798926,26.83390332598571,6
804.6084722222222,988.5645926999999,1988.5638888888889,2491.9,22.862811768525784,25.311538337968642,7
840.6507142857145,1038.07687519,2047.9190476190477,2582.8,23.48492156722129,26.118266393528398,5
864.3719444444444,1085.6749205600001,2114.527777777778,2690.1,25.60274862435445,27.21989411872889,7
810.7175,990.08584825,2003.2499999999998,2506.6,22.124642461769984,25.126669162610767,6
840.5977777777778,1029.6705257,2069.411111111111,2596.7,22.492653790027745,25.480141962018173,7
885.6608333333335,1110.4042265649998,2170.1833333333334,2748.0,25.37578548955437,26.625246714947274,7
878.6227777777779,1074.0189657,2169.644444444444,2707.6,22.238916730160394,24.794641211053538,6
855.0401388888888,1077.5857636450003,2094.9972222222223,2662.8999999999996,26.02750615255396,27.10756710099057,9
813.2787500000002,999.8026040500002,1995.5250000000003,2494.5000000000005,22.93479991331386,25.00469801180141,6
817.8495238095238,1025.3330654349998,2009.297619047619,2544.4,25.36940299959123,26.631315136182394,6
849.3811111111112,1064.1843049100003,2069.5111111111114,2622.4000000000005,25.289377287646058,26.7159178764711,8
824.1849801587302,1021.19402633,2031.4337301587302,2561.8999999999996,23.903498718616266,26.112900557175465,7
873.95,1083.3548804599998,2143.0,2688.7999999999997,23.96073922535611,25.468968735417626,8
853.64126984127,1050.3815965499998,2103.284126984127,2625.5,23.047190155803115,24.828593831717445,6
886.3578571428573,1128.407797135,2178.6142857142854,2760.6,27.308376412703335,26.71357284774727,4
806.2211111111111,989.8376287099999,1998.4111111111113,2506.9000000000005,22.77495777130342,25.44465881227866,6
808.4266666666667,996.0380953499997,1996.8666666666668,2508.9999999999995,23.20698171138998,25.646846726538215,6
814.6733333333334,1005.5262971500001,2001.5333333333333,2525.0,23.426931508334633,26.153282483429372,8
842.9147222222223,1063.52522836,2071.938888888889,2646.9,26.17233989651648,27.74990682372121,7
810.5999999999999,996.475893,1999.2666666666667,2503.8,22.93065544041453,25.235919837273677,7
849.6166666666668,1065.9481848350001,2067.7666666666664,2641.6,25.462249818741785,27.751358148082485,6
838.9070833333334,1029.6845388600002,2069.5916666666667,2583.7999999999997,22.741190212463952,24.845883447217833,6
869.1972222222223,1084.69846235,2124.988888888889,2683.3,24.793134931657875,26.27360143059571,8
816.8494444444444,997.4838790399999,2023.7111111111112,2531.2999999999997,22.11355297161383,25.08208242283152,7
860.1833333333334,1081.793720585,2111.6666666666665,2692.0,25.76315753444033,27.482241515390697,7
856.8887500000001,1046.4941511,2114.1583333333333,2627.9,22.12718991817781,24.300056366008544,6
846.58,1037.38366094,2089.233333333333,2619.1,22.538172522384176,25.36177545192017,6
848.4422222222223,1054.69812535,2078.272222222222,2612.6,24.309952725779787,25.71019195966737,9
864.2298611111111,1090.54367055,2117.086111111111,2691.0,26.186761141060877,27.108670066692813,8
907.1942857142857,1164.2661906800001,2193.971428571429,2830.2999999999997,28.33702868435807,29.00350310591357,6
805.6897222222221,1009.2386306699999,1975.3222222222223,2509.0,25.263932607500198,27.017251756394167,6
850.19,1039.2043747,2085.8,2598.7999999999997,22.232015749420714,24.594879662479602,5
915.6894444444446,1136.08069447,2238.3944444444446,2824.6,24.068340130235793,26.18866201220616,6
854.6899999999999,1054.7233930500001,2096.25,2643.0,23.40420422024362,26.082289803220036,5
909.2011904761905,1170.1993156150002,2210.142857142857,2851.7999999999997,28.706311416300824,29.032383168508826,5
839.9022222222222,1041.840942325,2073.7793650793647,2599.7999999999997,24.043122492102253,25.365313387642082,6
853.1322222222223,1078.87379992,2089.3888888888887,2658.7,26.460327229203756,27.24773325533782,8
842.1418055555555,1052.267415585,2061.347222222222,2608.0,24.951333450406967,26.519199283100996,8
821.5711111111112,1017.2346344800001,2016.3111111111114,2544.5,23.815774523068256,26.195803116802946,7
854.5183333333333,1075.531726115,2079.5666666666666,2638.3,25.86409023192404,26.867776940708815,5
846.3144444444445,1051.0535915400003,2070.777777777778,2619.5,24.19185309190309,26.49836347051564,8
882.7974999999999,1113.89529775,2152.483333333333,2745.9,26.177894449180044,27.56893200876509,5
844.7194444444447,1056.66399812,2071.2444444444445,2633.1,25.09052621784351,27.126472544685956,6
826.8594444444444,1045.6563786,2034.5111111111112,2593.5,26.46120034373704,27.475342151540634,6
874.7312499999999,1068.8431684500003,2147.908333333333,2689.0,22.191035069342774,25.19156233389851,7
789.04625,966.3856249999999,1953.9750000000001,2429.1000000000004,22.475155924003175,24.315817756112548,5
832.683888888889,1023.0331424300001,2042.4388888888889,2568.8000000000006,22.859725771217704,25.771204904811544,6
860.1964285714286,1055.7608623,2116.207142857143,2659.1,22.734857671212982,25.654050879437253,7
817.2151388888888,996.3310315949998,2029.9638888888887,2511.1,21.917838300162014,23.701707884787226,6
893.2833333333334,1108.48960253,2172.4666666666662,2732.8999999999996,24.09160242513572,25.797097001871922,7
791.4926984126985,982.42822477,1955.9412698412698,2466.2,24.12347286844387,26.08763044302138,7
873.6913888888889,1098.8911406,2135.688888888889,2718.7999999999997,25.775663417892595,27.303186065386125,7
829.585,1019.7039277,2037.4333333333332,2563.1999999999994,22.917353580404658,25.805343324116922,6
797.1772222222222,976.408205715,1973.7555555555557,2476.5000000000005,22.48320429843079,25.47146443891511,6
828.6068253968255,1029.63523941,2040.563492063492,2578.6999999999994,24.26101352917297,26.37195608122559,7
817.9260317460318,1012.6238891,2018.5603174603175,2527.9999999999995,23.803846533450656,25.23777358214598,5
859.0683333333335,1067.8993156649997,2099.9833333333336,2665.9,24.309007121862575,26.948626576401388,6
840.6538888888889,1045.544394825,2065.588888888889,2605.6,24.37275419101664,26.143203713764695,8
780.0953571428571,956.2537796449999,1937.7309523809524,2415.4,22.58165247224812,24.650947905441686,6
833.7961111111111,1036.97800597,2045.161111111111,2593.4999999999995,24.368294856656256,26.811525307704617,8
856.2419444444446,1076.0580455900001,2108.061111111111,2666.4999999999995,25.672194941136507,26.490640425245925,8
854.3731944444444,1062.6787750449998,2096.769444444444,2633.3,24.381099729610085,25.58843829859959,9
844.7277777777778,1048.5309518499998,2072.4777777777776,2605.1,24.126491330540393,25.699779651839187,9
806.0983333333334,988.07206453,1999.2,2507.8,22.57463186211773,25.440176070428176,7
828.4938888888889,1012.53106139,2037.288888888889,2539.7,22.21346167657643,24.660769213988072,6
847.9229761904763,1051.706279255,2083.07380952381,2615.1000000000004,24.033232827358372,25.540438751798796,7
858.9177777777778,1078.4112897200002,2103.5777777777776,2677.7,25.55465931909149,27.292654842015196,7
825.48,1010.2653569899999,2025.2333333333333,2516.7,22.38520097276734,24.267162631466324,6
833.668888888889,1031.6458229799998,2048.222222222222,2585.7999999999997,23.74766969593573,26.24606705001626,6
839.6755555555555,1042.39222193,2063.9555555555553,2595.5999999999995,24.142261261889516,25.758521931996803,9
840.1612499999999,1028.2514287499998,2071.575,2604.6,22.387390367027756,25.730422504616058,6
886.35,1084.0766975499998,2176.0333333333338,2714.9,22.307970615445342,24.763713791149012,4
838.4451388888889,1038.9834822700002,2056.6305555555555,2576.4,23.91788491336065,25.272864056230063,7
832.4483333333333,1041.9764582650002,2041.1333333333334,2592.2999999999997,25.17010564399396,27.00297220498414,8
851.7249999999999,1055.6165180500002,2101.3,2658.7999999999997,23.938656027473694,26.53119497453955,6
874.965634920635,1082.66081369,2142.1753968253965,2708.4,23.737524135814112,26.4322241779885,6
818.676111111111,1006.57111122,2017.5777777777776,2530.2999999999997,22.951078889290788,25.412761176768623,8
895.2997619047619,1140.529553795,2182.357142857143,2793.2000000000003,27.390802759570562,27.990050076915523,7
